beta,c_max,k_c,f0,k_f,sse,peak,late_mean
0.07,450.0,0.005,0.15,0.2,3260.088577833658,107.09687490001993,106.39354801046542
0.07,450.0,0.005,0.15,0.15,3289.913330947029,108.56163823317962,107.87019203951044
0.07,400.0,0.005,0.15,0.25,3360.1446746014453,108.55019032145088,107.75369611958628
0.07,450.0,0.005,0.15,0.25,3367.849266072009,106.23651371300278,105.52631094393148
0.07,400.0,0.005,0.15,0.2,3394.9071831671235,109.42896271132514,108.63888920196166
0.07,350.0,0.005,0.15,0.25,3629.4206176458906,110.91405002572529,110.02789172818385
0.07,450.0,0.01,0.15,0.25,3665.626595416391,110.20196560898269,109.18889512961803
0.07,400.0,0.005,0.15,0.15,3668.1164498126736,110.9250075051166,110.14604248238426
0.07,450.0,0.005,0.12,0.1,3734.1456221000553,108.05720835722278,107.35976529996697
0.07,450.0,0.01,0.15,0.2,3734.534448401218,111.09439303306267,110.08613473719262
0.06,450.0,0.005,0.15,0.1,3753.4695318836348,106.27477057381954,105.6648921901019
0.07,400.0,0.005,0.12,0.15,3769.282333730613,107.99271889716718,107.19215945622193
0.06,400.0,0.005,0.15,0.1,3777.3922717406936,108.29968168491666,107.61400427655013
0.06,350.0,0.005,0.15,0.15,3799.250977636279,107.69804613302327,106.92152064326524
0.07,350.0,0.005,0.15,0.2,3813.64747100831,111.81162586809847,110.93141088268337
0.07,350.0,0.005,0.12,0.2,3870.237990973549,109.15049480764696,108.25295664928001
0.07,450.0,0.005,0.12,0.15,3886.656411433727,105.69118632608243,104.97663309610415
0.06,300.0,0.005,0.15,0.2,3889.3869348384446,108.43664632921019,107.57446189273577
0.06,300.0,0.005,0.15,0.15,3890.3269796233785,109.75085745028171,108.89465854710149
0.07,400.0,0.005,0.12,0.2,3904.202364268633,106.82401067201998,106.01519622015056
0.06,400.0,0.005,0.15,0.15,3913.5712247605197,105.68344217729334,104.98395309353799
0.07,350.0,0.005,0.12,0.15,3923.9867844381397,110.34416569574842,109.45424196742124
0.07,350.0,0.005,0.12,0.25,3925.895290318583,108.44786666174795,107.5459083221758
0.07,400.0,0.01,0.15,0.25,3927.3848778950733,112.14414341053826,111.07147807505666
0.06,350.0,0.005,0.15,0.2,3976.0092320374965,106.4079314266764,105.62473567210566
0.07,400.0,0.005,0.12,0.1,3984.043014146198,110.40909542427494,109.62435716289231
0.06,300.0,0.005,0.15,0.25,3990.6890497801314,107.66268920670551,106.79704366173291
0.06,400.0,0.01,0.15,0.15,4010.632499264564,108.72236383869972,107.78957644959667
0.06,350.0,0.005,0.15,0.1,4012.273251953401,110.36297782631624,109.598880418007
0.06,450.0,0.01,0.15,0.1,4047.566490434042,109.71837987423199,108.8463599489702
0.07,300.0,0.005,0.12,0.25,4052.4102497763265,110.80977579611333,109.81605827286823
0.07,450.0,0.01,0.12,0.15,4065.503520943184,109.63558417267389,108.61946767711181
0.07,450.0,0.005,0.15,0.1,4065.858844962993,111.60222963478427,110.93404319262386
0.07,450.0,0.01,0.15,0.15,4069.1335121005213,112.61363510643432,111.6137487771174
0.07,400.0,0.005,0.12,0.25,4070.9886745863255,106.1361049142449,105.32249230401204
0.06,350.0,0.01,0.15,0.15,4079.0850378022656,110.40274134106119,109.4174262175495
0.06,350.0,0.01,0.15,0.2,4083.8793678049224,109.08037727297295,108.09056221554187
0.06,450.0,0.01,0.15,0.15,4093.48890985443,107.06743506116567,106.18581251890286
0.07,300.0,0.005,0.12,0.2,4113.346150323371,111.52744002410572,110.53774667791515
0.07,400.0,0.01,0.15,0.2,4126.747427385539,113.05196706061284,111.98383851845786
0.06,300.0,0.01,0.15,0.2,4150.039159598198,110.76663936588803,109.72332241760333
0.07,400.0,0.01,0.12,0.2,4150.619838932067,110.3603237644772,109.27904396940411
0.07,450.0,0.01,0.12,0.2,4154.892078322245,108.44876528607425,107.42653658183306
0.06,300.0,0.01,0.15,0.25,4161.857850387042,109.97609629627642,108.93044051649846
0.07,400.0,0.005,0.1,0.1,4165.629939126968,108.05333458468726,107.2516654136819
0.06,400.0,0.01,0.15,0.2,4169.214788160192,107.41965805035618,106.48196561457138
0.06,350.0,0.005,0.15,0.25,4181.795350061439,105.64819242890887,104.86113145517876
0.06,350.0,0.01,0.15,0.25,4189.521378467696,108.30160803816673,107.30920700953833
0.07,300.0,0.005,0.15,0.25,4190.150160811123,113.32917643240289,112.34987693661057
0.07,400.0,0.01,0.12,0.25,4194.913082251317,109.64967939361871,108.56508242751806
0.07,450.0,0.005,0.12,0.2,4201.320508853058,104.54692092999451,103.82350167748966
0.06,450.0,0.015,0.15,0.15,4218.896902436219,109.6726833871911,108.61730624879353
0.06,450.0,0.005,0.15,0.15,4224.224131393845,103.70633818785201,103.08131810996709
0.07,400.0,0.01,0.12,0.15,4225.715889834351,111.56758321266737,110.49204474430198
0.07,350.0,0.005,0.1,0.15,4234.785289477499,108.3867696582959,107.48439342601174
0.07,450.0,0.015,0.15,0.25,4239.89938827631,113.284862511286,112.06569438853668
0.06,400.0,0.005,0.15,0.2,4260.65009535068,104.41698437619289,103.71016685762591
0.06,400.0,0.01,0.15,0.1,4268.189875007171,111.41317448784454,110.48915983183085
0.06,400.0,0.015,0.15,0.2,4274.239454986235,109.73999026698033,108.64668171195525
0.06,400.0,0.015,0.15,0.15,4274.991941841503,111.07064710128279,109.98065330635278
0.07,350.0,0.01,0.12,0.25,4293.648425997389,111.58253386337108,110.43735346675528
0.07,450.0,0.01,0.12,0.25,4296.188552790407,107.75017639961004,106.72441140748619
0.07,350.0,0.005,0.1,0.1,4299.565662504684,110.40557376654893,109.51447393245176
0.07,450.0,0.005,0.1,0.1,4303.3229901021205,105.75101588810048,105.03541772867439
0.06,300.0,0.01,0.15,0.15,4304.6068762393525,112.10895676087237,111.06972140092387
0.06,350.0,0.015,0.15,0.2,4309.513397805675,111.13917528251248,110.01076740250092
0.07,300.0,0.005,0.1,0.2,4327.94628154953,109.74708054887738,108.74752288210587
0.06,350.0,0.015,0.15,0.25,4330.985555740675,110.34577294459974,109.21561456907547
0.07,300.0,0.005,0.1,0.15,4337.178937870678,110.74704038021335,109.7529369070938
0.07,350.0,0.005,0.15,0.15,4342.094035802366,113.33961723050562,112.46970086617938
0.07,350.0,0.01,0.12,0.2,4350.3749954524255,112.30544086426166,111.1633499424781
0.06,450.0,0.015,0.15,0.2,4352.795025035247,108.35832454537244,107.29940693354182
0.06,300.0,0.005,0.12,0.1,4363.900896501722,109.2738507354795,108.41384037412588
0.07,300.0,0.005,0.12,0.15,4365.049681280103,112.74660441171017,111.76385437851373
0.06,400.0,0.01,0.15,0.25,4365.398259535877,106.65248821986388,105.71197049099808
0.06,350.0,0.005,0.12,0.1,4367.957877798775,107.2303101113859,106.4497547216416
0.06,400.0,0.015,0.15,0.25,4377.545638244447,108.95632296342161,107.86112668673152
0.07,350.0,0.005,0.1,0.2,4382.00026206862,107.4077229456779,106.49933764522206
0.07,450.0,0.01,0.12,0.1,4382.166134923616,112.08922404308615,111.08448397250844
0.07,300.0,0.005,0.1,0.25,4387.970575077655,109.15764457611668,108.15491169594755
0.06,300.0,0.015,0.15,0.25,4399.404665133807,111.75284281502105,110.58700524201939
0.06,450.0,0.01,0.15,0.2,4400.444155354868,105.78409684384569,104.89717707752524
0.07,400.0,0.005,0.1,0.15,4403.158023735064,106.07660536066615,105.26254482783298
0.07,350.0,0.01,0.15,0.25,4403.789377218847,114.12041225149493,112.98637032833386
0.07,450.0,0.015,0.12,0.2,4433.184019728921,111.48219651172134,110.25654879337364
0.06,350.0,0.015,0.15,0.15,4449.091538427737,112.48633103023417,111.36100601198035
0.06,450.0,0.02,0.15,0.2,4455.531707995355,110.3647112402541,109.19054256757222
0.07,450.0,0.015,0.15,0.2,4460.286044838526,114.20217305296542,112.98645611294005
0.07,450.0,0.015,0.12,0.25,4461.747996953354,110.76413139034923,109.53601824022027
0.06,300.0,0.015,0.15,0.2,4462.289662667215,112.55610041656917,111.39187238682152
0.06,300.0,0.005,0.15,0.1,4467.695222249828,112.46538268484377,111.62017319149903
0.06,450.0,0.02,0.15,0.15,4468.418184617696,111.70318935837325,110.5314250320039
0.06,400.0,0.02,0.15,0.2,4472.404657641972,111.54426520781533,110.34706491422145
0.07,450.0,0.005,0.12,0.25,4473.983847191077,103.87343038082182,103.1448524481092
0.07,450.0,0.01,0.1,0.1,4476.519069027651,109.6967812424641,108.67942507250443
0.06,300.0,0.005,0.12,0.15,4490.286765779894,107.15525413276954,106.28733811944318
0.06,400.0,0.02,0.15,0.25,4497.260924294463,110.74779742992322,109.54931364298405
0.07,400.0,0.01,0.1,0.15,4511.43488565831,109.5877675166983,108.5028477751121
0.07,350.0,0.005,0.12,0.1,4524.300279529445,112.81196370995507,111.93651075315906
0.06,350.0,0.02,0.15,0.25,4530.065884714419,111.93161544386197,110.70980521511589
0.07,300.0,0.005,0.15,0.2,4531.061405154982,114.24595629367882,113.27209980815867
0.06,450.0,0.015,0.15,0.1,4533.693077027404,112.38742545954307,111.33799362900547
0.07,350.0,0.005,0.1,0.25,4534.536556295701,106.83063813734974,105.91874997872343
0.06,450.0,0.015,0.15,0.25,4535.473122415264,107.58427350477679,106.52333460124346
0.07,450.0,0.015,0.12,0.15,4536.892865185303,112.70202774354298,111.48067515036732
0.07,400.0,0.015,0.12,0.25,4545.503340571808,112.37164567442198,111.10357346834364
0.06,450.0,0.02,0.15,0.25,4552.563466783661,109.5764212899704,108.40090134543573
0.06,400.0,0.005,0.15,0.25,4566.583145196785,103.67120367180173,102.96013250954122
0.06,350.0,0.01,0.12,0.1,4571.5089537630265,109.92260552092122,108.93401168759493
0.06,400.0,0.005,0.12,0.1,4573.944286655014,105.22479815762993,104.52107045427864
0.06,350.0,0.02,0.15,0.2,4579.316012463152,112.73634532572355,111.51574921420192
0.07,350.0,0.01,0.1,0.2,4583.072123940858,110.51203433119582,109.36239829321278
0.06,400.0,0.01,0.12,0.1,4587.290356892315,108.2497958228459,107.31360699801435
0.07,350.0,0.01,0.1,0.15,4588.1927176143245,111.51927697422234,110.37379192813239
0.07,350.0,0.01,0.12,0.15,4596.770624153926,113.5334914118969,112.39675640850923
0.06,300.0,0.01,0.12,0.15,4599.530357080654,109.45741609447093,108.41022457097702
0.07,300.0,0.01,0.12,0.25,4601.139349761046,113.54932280952792,112.34176433516879
0.07,400.0,0.015,0.12,0.2,4605.497362242796,113.09987301658045,111.83414621174771
0.06,400.0,0.02,0.15,0.15,4607.588306443135,112.89660431475392,111.70169423674719
0.07,400.0,0.01,0.1,0.1,4616.911373129068,111.62942324589325,110.55259906741274
0.07,450.0,0.01,0.1,0.15,4634.030019897329,107.68958220056003,106.66347721738721
0.07,400.0,0.01,0.1,0.2,4641.693539950036,108.59758133491806,107.5081908430927
0.07,350.0,0.01,0.1,0.25,4646.3826367751635,109.91829539623635,108.76625250029282
0.05,300.0,0.005,0.15,0.1,4648.766212752221,105.84820982919747,105.11908937817184
0.06,350.0,0.01,0.15,0.1,4651.200497120983,113.13401411876188,112.15661493801397
0.06,300.0,0.02,0.15,0.25,4653.420677591172,113.12800659124125,111.8825021621845
0.07,400.0,0.015,0.15,0.25,4655.983787647531,114.92835801014458,113.66881422535334
0.05,300.0,0.01,0.15,0.1,4663.948123011052,107.76959504159872,106.89173801052364
0.07,400.0,0.01,0.15,0.15,4683.841620880133,114.59736645385588,113.53714349576538
0.06,450.0,0.01,0.15,0.25,4683.980755313934,105.02835455691178,104.13837781748406
0.07,400.0,0.005,0.1,0.2,4699.389473694067,105.11803623378489,104.29743688918376
0.06,350.0,0.01,0.12,0.15,4701.69126408911,107.79095335653768,106.79685544378863
0.07,300.0,0.01,0.1,0.25,4706.715374998562,111.8561159156202,110.64224231049396
0.06,300.0,0.01,0.12,0.1,4710.108496128871,111.62113296975089,110.57874638581849
0.07,300.0,0.005,0.1,0.1,4719.400269167432,112.80881103437488,111.82481692150418
0.07,300.0,0.01,0.1,0.2,4726.890865238815,112.46010137630954,111.24843837544768
0.06,450.0,0.005,0.15,0.2,4734.497905356235,102.46310575456998,101.83012490406388
0.07,350.0,0.01,0.15,0.2,4738.914018913101,115.04389660107402,113.91410519363347
0.05,300.0,0.015,0.15,0.1,4741.8818493999715,109.24270167914094,108.26588971272724
0.06,300.0,0.01,0.12,0.2,4742.927352161032,108.40615067155017,107.35605103795916
0.06,300.0,0.015,0.15,0.15,4744.97214767939,113.91995846029103,112.7585750906817
0.06,300.0,0.005,0.12,0.2,4748.300979960865,106.12599910747079,105.25367884676858
0.06,450.0,0.01,0.12,0.1,4751.764958416664,106.60231654576056,105.7171744852225
0.07,300.0,0.01,0.12,0.2,4763.0369850912275,114.28470312865136,113.07999762475019
0.06,350.0,0.005,0.12,0.15,4763.263051766655,105.15043201889698,104.3608374305068
0.06,300.0,0.02,0.15,0.2,4778.749161661733,113.94108371587042,112.69672240421804
0.06,400.0,0.015,0.12,0.1,4779.752446914572,110.5872474289569,109.49439784409344
0.06,350.0,0.015,0.12,0.15,4784.405508288259,109.8251399867264,108.69383173580627
0.07,450.0,0.015,0.1,0.15,4784.601346707887,110.7014020424721,109.47303949543495
0.06,300.0,0.015,0.12,0.15,4784.929789461071,111.2254881582924,110.05859267969734
0.07,400.0,0.01,0.1,0.25,4785.156738423225,108.01391581813023,106.92192948063524
0.07,350.0,0.015,0.12,0.25,4785.911534466331,114.00238773632671,112.6934465688963
0.07,450.0,0.02,0.12,0.25,4795.154878408008,113.11773054349638,111.75357626843332
0.06,450.0,0.015,0.12,0.1,4799.014966474584,109.19555284578217,108.13725802308981
0.05,350.0,0.015,0.15,0.1,4817.244642512244,108.0660038129867,107.11891190567815
0.05,350.0,0.01,0.15,0.1,4819.3914078709095,106.36770722083645,105.53431066256859
0.07,450.0,0.005,0.1,0.15,4828.620597487434,103.81548830660459,103.0864342605062
0.06,300.0,0.015,0.12,0.2,4832.704368534915,110.15735374343518,108.98852280211116
0.07,400.0,0.015,0.1,0.2,4837.200872963516,111.29317188989205,110.02174624670413
0.06,350.0,0.02,0.15,0.15,4840.06594226541,114.1026880124528,112.88426528627463
0.05,300.0,0.02,0.15,0.1,4844.803482887319,110.38171779313686,109.33945437783734
0.07,400.0,0.015,0.1,0.15,4848.16524564397,112.30780012128123,111.03948782246559
0.07,400.0,0.015,0.12,0.15,4859.195602691709,114.33693483933598,113.07530046767941
0.07,450.0,0.02,0.12,0.2,4862.809275789817,113.85097161799933,112.48859245843518
0.06,400.0,0.015,0.15,0.1,4864.575257479958,113.81893945548133,112.73440799666653
0.05,350.0,0.02,0.15,0.1,4870.794686202849,109.38174123188502,108.35921552085765
0.07,300.0,0.01,0.1,0.15,4873.028342006013,113.48469302565233,112.27684896809633
0.06,350.0,0.015,0.12,0.1,4876.424975052807,111.99658055718241,110.86846378828
0.07,400.0,0.01,0.12,0.1,4877.741393226907,114.06333153399622,112.99838132192541
0.07,450.0,0.015,0.1,0.2,4892.1761893240055,109.70091012662341,108.46926493871209
0.07,450.0,0.01,0.1,0.2,4894.214201359869,106.71616484556604,105.6852813257061
0.06,300.0,0.005,0.1,0.1,4894.872499703625,107.19215745788479,106.32309256811612
0.06,400.0,0.015,0.12,0.15,4896.978540087295,108.44232660522496,107.34589101646804
0.07,400.0,0.015,0.1,0.25,4897.871393688231,110.69506622563352,109.42184557578703
0.06,300.0,0.01,0.12,0.25,4899.737924323177,107.7858910721366,106.7341123644259
0.07,350.0,0.015,0.1,0.25,4922.026213612093,112.30187193266052,110.98807035430735
0.07,450.0,0.02,0.15,0.25,4922.753394043373,115.69226973505114,114.33464386765425
0.06,300.0,0.015,0.12,0.25,4933.463729893833,109.52711905423679,108.3571833650761
0.06,350.0,0.02,0.12,0.15,4933.66279736275,111.40320618089807,110.18059754612484
0.05,350.0,0.005,0.15,0.1,4933.964298014298,104.15836916164945,103.49516871002935
0.07,350.0,0.015,0.1,0.2,4934.119526382023,112.90844364876865,111.5963335786115
0.07,350.0,0.015,0.12,0.2,4937.575707815731,114.74092045384499,113.43420071033056
0.06,350.0,0.015,0.12,0.2,4938.933983202048,108.77009154509126,107.63665806450403
0.07,400.0,0.005,0.1,0.25,4940.050671677783,104.5530448752452,103.72862987980012
0.07,450.0,0.015,0.1,0.1,4941.837373880458,112.76418159896033,111.54145627608698
0.07,400.0,0.005,0.15,0.1,4946.721772093087,114.03028853822484,113.27295039963192
0.06,400.0,0.01,0.12,0.15,4949.653211625684,106.14973567656398,105.20736523724722
0.05,400.0,0.02,0.15,0.1,4959.1282163773885,108.39075568557115,107.38769277051318
0.06,400.0,0.02,0.12,0.15,4961.432285571095,110.22501724918475,109.02568984542474
0.06,300.0,0.02,0.12,0.2,4962.860289214706,111.51274831833653,110.26517878430676
0.06,350.0,0.01,0.12,0.2,4963.915476532516,106.75531976950244,105.75798230294748
0.07,350.0,0.01,0.1,0.1,4967.725099274892,113.59597837341825,112.4579107396206
0.05,400.0,0.015,0.15,0.1,4971.980230886063,106.90189681700164,105.9839978359648
0.06,300.0,0.005,0.12,0.25,4972.227067944337,105.51875176323112,104.64386916646549
0.06,450.0,0.005,0.12,0.1,4972.908953575937,103.25661089491476,102.6271529113943
0.06,450.0,0.02,0.12,0.1,4981.128314836919,111.21663498530134,110.04233815775731
0.07,400.0,0.02,0.12,0.25,4989.928674732959,114.49153828199033,113.10063364050183
0.05,300.0,0.02,0.15,0.15,4990.996221745694,108.08400522727453,107.0415836544812
0.06,300.0,0.02,0.12,0.15,4994.9506339545005,112.59390808431883,111.34765156195054
0.07,400.0,0.015,0.15,0.2,4995.385293581829,115.8586458026062,114.60240370639131
0.06,350.0,0.02,0.12,0.2,4997.768183588496,110.33313180818548,109.10911377442595
0.06,300.0,0.01,0.1,0.1,4999.926398517386,109.49467532782317,108.44625698409553
0.06,300.0,0.02,0.12,0.25,5016.75565480131,110.87480969498085,109.62650304270761
0.05,300.0,0.015,0.15,0.15,5022.637332315446,106.96836885364738,105.99023090715116
0.07,450.0,0.015,0.1,0.25,5023.11163579117,109.11115288182262,107.87761245212423
0.06,400.0,0.02,0.12,0.1,5050.653087528362,112.40472789162645,111.2073098006932
0.07,450.0,0.015,0.15,0.15,5055.884898967452,115.76367840401845,114.55402032769845
0.07,350.0,0.015,0.1,0.15,5067.842709494275,113.93740701273762,112.62823547352035
0.06,450.0,0.02,0.12,0.15,5075.846893582324,109.05921066109839,107.88280297250954
0.05,400.0,0.01,0.15,0.1,5077.541574143828,104.98394444221302,104.19400949305452
0.07,450.0,0.02,0.1,0.2,5082.086350927995,112.03169088906931,110.6650280787377
0.06,450.0,0.02,0.15,0.1,5088.433790173233,114.4675197699845,113.29933167129067
0.06,300.0,0.015,0.12,0.1,5092.760606754593,113.4237744619033,112.25966557121578
0.07,300.0,0.015,0.1,0.25,5101.118171828073,113.93189928530143,112.5765982479142
0.06,350.0,0.015,0.12,0.25,5102.9483599531895,108.14759197470109,107.0129414118959
0.07,300.0,0.01,0.15,0.25,5104.072321526048,116.1313678887218,114.93412364002066
0.07,450.0,0.02,0.1,0.15,5104.677391616076,113.05327433234578,111.68892939283664
0.05,300.0,0.01,0.15,0.15,5106.68174260082,105.52557699782405,104.64458056668298
0.05,450.0,0.02,0.15,0.1,5108.359768125031,107.40868094523263,106.42480928015439
0.06,350.0,0.02,0.12,0.25,5108.729131219379,109.70174522147575,108.476932876885
0.07,450.0,0.01,0.1,0.25,5114.605298495854,106.14240255061557,105.10874127488918
0.06,350.0,0.01,0.1,0.1,5117.471485814481,107.82796066614468,106.83266704637654
0.06,450.0,0.015,0.12,0.15,5119.0814095411615,107.07682971693534,106.01456454837248
0.06,400.0,0.02,0.12,0.2,5119.200978046039,109.16591534706734,107.96508433197093
0.07,450.0,0.02,0.12,0.15,5131.14225298539,115.09651971570167,113.73726475391928
0.06,450.0,0.005,0.15,0.25,5136.3887579234,101.73102823415918,101.09342057016158
0.07,450.0,0.02,0.1,0.25,5136.638538536305,111.42947021898566,110.06148151234532
0.07,400.0,0.02,0.12,0.2,5138.395470558768,115.2334298173898,113.84424692979236
0.07,400.0,0.02,0.1,0.25,5140.05983240818,112.78318811801428,111.38857424159058
0.07,400.0,0.02,0.1,0.2,5149.650647683091,113.39251569765769,111.99918247643768
0.06,350.0,0.005,0.12,0.2,5153.6956850083125,104.1400532159667,103.34551356613878
0.06,400.0,0.015,0.12,0.2,5155.015985141892,107.40020472681043,106.30145911511525
0.06,300.0,0.02,0.15,0.15,5168.404122580813,115.32157402996803,114.0792665298321
0.05,350.0,0.02,0.15,0.15,5177.169569918467,107.10414732577473,106.08123641666381
0.06,300.0,0.015,0.1,0.1,5181.179901191893,111.26297259565064,110.09479702280521
0.06,350.0,0.005,0.1,0.1,5183.785981656605,105.18702278586414,104.39632235616247
0.07,300.0,0.01,0.12,0.15,5187.776058521915,115.53390129677247,114.33415138966943
0.07,300.0,0.015,0.1,0.2,5188.545218618517,114.54705633478959,113.19333997135921
0.07,300.0,0.015,0.12,0.25,5188.71941886131,115.65669160136811,114.305953538842
0.06,350.0,0.01,0.12,0.25,5191.049796678334,106.14430043952632,105.14508792791004
0.06,350.0,0.015,0.1,0.1,5195.481837868622,109.86241154318151,108.72984602173537
0.06,300.0,0.01,0.15,0.1,5202.6854500012,114.88129682744308,113.84909309950672
0.05,450.0,0.015,0.15,0.1,5203.948948687663,105.75024689816983,104.86102156723906
0.06,350.0,0.02,0.12,0.1,5211.823307824002,113.60543183358527,112.38452644982377
0.06,300.0,0.01,0.1,0.15,5223.920037866986,107.72111014801415,106.6691275019285
0.06,400.0,0.005,0.12,0.15,5226.778190538929,103.18293464406406,102.46907736614084
0.07,350.0,0.015,0.15,0.25,5240.0967680166505,116.59559251553495,115.29474925216222
0.07,400.0,0.015,0.1,0.1,5244.8454625895265,114.3996295812706,113.13658968325826
0.06,300.0,0.015,0.1,0.15,5249.362992099219,109.46107192702593,108.2909915108447
0.07,450.0,0.015,0.12,0.1,5254.7630108899275,115.22361343592627,114.00984957506199
0.07,350.0,0.02,0.1,0.25,5261.984105367479,114.15326741461331,112.73157305544564
0.07,450.0,0.005,0.1,0.2,5266.72753045858,102.87697026128401,102.14087199597304
0.07,450.0,0.02,0.15,0.2,5272.353208386436,116.62896905539546,115.27391804393048
0.05,350.0,0.015,0.15,0.15,5276.60711165937,105.8154256931518,104.86660285953141
0.07,400.0,0.02,0.1,0.15,5280.334330295668,114.4261340509058,113.0350426150089
0.05,300.0,0.02,0.15,0.2,5284.888924578801,106.96594146316484,105.92283668527433
0.06,400.0,0.02,0.12,0.25,5285.725419334469,108.54101394041182,107.33933271011753
0.05,300.0,0.005,0.15,0.15,5286.939286169964,103.64382469780737,102.90878278918994
0.06,300.0,0.005,0.1,0.15,5305.978491178396,105.4555754424987,104.580398178423
0.07,350.0,0.02,0.12,0.25,5308.929680016764,115.88194521492665,114.46383120830674
0.06,350.0,0.015,0.15,0.1,5321.97577208214,115.26858589651941,114.14822731006399
0.06,400.0,0.015,0.1,0.1,5322.604780458287,108.47938485024557,107.381714545708
0.06,450.0,0.02,0.12,0.2,5324.799567767321,108.0109694493113,106.83296607723695
0.06,300.0,0.02,0.1,0.15,5325.466031643271,110.80775502099786,109.55934163868372
0.06,400.0,0.01,0.12,0.2,5326.477932754227,105.129502706078,104.18357168617732
0.07,300.0,0.005,0.15,0.15,5327.074850874968,115.80657340658256,114.84216678669411
0.07,350.0,0.02,0.1,0.2,5337.682457195413,114.76978532540184,113.34932506969537
0.06,450.0,0.01,0.12,0.15,5337.975696274126,104.53338265430827,103.6414025678906
0.06,350.0,0.02,0.1,0.1,5340.140508899687,111.4406385767433,110.21673037429537
0.07,350.0,0.015,0.12,0.15,5346.535505264358,115.99545513535051,114.69261845557506
0.05,400.0,0.005,0.15,0.1,5354.121576664395,102.4953461446031,101.89618355090579
0.07,300.0,0.005,0.12,0.1,5369.940301283996,115.26691340589772,114.29722032718885
0.06,400.0,0.015,0.12,0.25,5380.363671199285,106.78534587793646,105.68527379327912
0.06,400.0,0.01,0.1,0.1,5380.507099409058,106.1864903023591,105.24295483401286
0.05,300.0,0.015,0.15,0.2,5381.809048594032,105.86173205536325,104.88234813404164
0.06,400.0,0.02,0.1,0.1,5381.935155783459,110.26226076139827,109.06165069125313
0.06,300.0,0.02,0.1,0.1,5387.157782084591,112.63152925320158,111.3839560889704
0.07,400.0,0.02,0.15,0.25,5421.667382140369,117.09670374324085,115.7121439559863
0.05,400.0,0.02,0.15,0.15,5422.032409064829,106.13310565160063,105.12943455038221
0.06,350.0,0.02,0.1,0.15,5431.738593192966,109.63551642924529,108.41059180026542
0.06,300.0,0.015,0.1,0.2,5432.8090503322865,108.58351199356126,107.41200199771315
0.06,350.0,0.015,0.1,0.15,5434.096060347888,108.08252330919078,106.94771690586963
0.05,450.0,0.01,0.15,0.1,5435.126822015294,103.618073861898,102.8706198869208
0.07,300.0,0.015,0.12,0.2,5435.253982976053,116.40567485527637,115.05703020470408
0.06,300.0,0.02,0.1,0.2,5445.397165938529,109.91949400432387,108.67016412875665
0.07,300.0,0.015,0.1,0.15,5449.366942501585,115.5905564305325,114.23959814534149
0.06,350.0,0.005,0.12,0.25,5455.892163229438,103.54396371052248,102.74654219028663
0.05,350.0,0.01,0.15,0.15,5462.083054095675,104.15209007627197,103.31487949242906
0.06,300.0,0.02,0.12,0.1,5467.1587321076,114.81887976955252,113.57411585041751
0.06,400.0,0.02,0.15,0.1,5476.637484158421,115.68947302986989,114.49788905885165
0.06,450.0,0.015,0.12,0.2,5477.4619162363815,106.04747692192136,104.98272181772576
0.06,300.0,0.01,0.1,0.2,5483.397176063117,106.85740891088291,105.803195422809
0.07,450.0,0.01,0.15,0.1,5486.786577024919,115.76683521554372,114.78287910214495
0.07,300.0,0.02,0.1,0.25,5506.163832856001,115.53990476096736,114.09066738635461
0.06,450.0,0.02,0.1,0.1,5510.133212933487,109.0962652010649,107.91859157579125
0.07,350.0,0.01,0.15,0.15,5527.5521513048425,116.6159017412773,115.4935310744483
0.07,450.0,0.02,0.1,0.1,5529.763921776286,115.15933793174752,113.7986197232545
0.06,350.0,0.01,0.1,0.15,5531.526104109459,106.0806856178921,105.08124970567528
0.07,300.0,0.01,0.1,0.1,5538.060108830101,115.59703909825494,114.39590874479117
0.05,300.0,0.02,0.15,0.25,5539.093171322568,106.30573838815944,105.26226354116875
0.07,350.0,0.02,0.12,0.2,5540.655301761697,116.63258872052957,115.21614152924472
0.07,400.0,0.02,0.12,0.15,5543.4442749854215,116.49364617102626,115.1074979000459
0.05,300.0,0.01,0.15,0.2,5544.252032802335,104.43375286232266,103.55063508653974
0.06,450.0,0.02,0.12,0.25,5545.4168441723095,107.3924870436431,106.21357881961556
0.05,350.0,0.02,0.15,0.2,5550.364394246731,105.99590187766314,104.97220252364775
0.06,450.0,0.015,0.1,0.1,5558.985950741701,107.11367426212321,106.05019666546947
0.06,300.0,0.02,0.1,0.25,5571.513695796515,109.39473741079296,108.14488903065991
0.07,350.0,0.02,0.1,0.15,5579.770885469859,115.81557960962317,114.39728284076357
0.07,300.0,0.01,0.15,0.2,5580.443429134766,117.07078193298855,115.87749074384968
0.07,450.0,0.005,0.1,0.25,5591.297538116665,102.3238199905774,101.58360766337985
0.06,300.0,0.015,0.1,0.25,5596.328712007002,108.0650922712764,106.89276044592106
0.07,350.0,0.01,0.12,0.1,5598.073750855872,116.07206775437778,114.94510256591875
0.05,400.0,0.015,0.15,0.15,5605.24544545873,104.67482699520798,103.75480075099713
0.06,400.0,0.01,0.12,0.25,5621.436739211837,104.5275867123836,103.57959083925921
0.06,400.0,0.02,0.1,0.15,5622.737439219272,108.47560118183478,107.27380226975013
0.06,350.0,0.02,0.1,0.2,5628.1470833287085,108.75636592993858,107.53044411144364
0.05,300.0,0.02,0.12,0.1,5629.990950665727,107.65788297457458,106.61386493934094
0.07,300.0,0.02,0.1,0.2,5649.982109105681,116.16369739804684,114.71564623941238
0.06,300.0,0.005,0.1,0.2,5656.562861822655,104.60995665632898,103.73131659331796
0.06,400.0,0.005,0.1,0.1,5662.8912642632495,103.21921189602546,102.5042910751004
0.05,300.0,0.015,0.15,0.25,5674.286622728183,105.20829231197972,104.22820574259428
0.06,300.0,0.01,0.1,0.25,5691.644458677593,106.34719412649235,105.29168520875413
0.05,300.0,0.015,0.12,0.1,5692.502656897602,106.5469089888927,105.56697232615926
0.06,350.0,0.015,0.1,0.2,5702.3920357927545,107.21571744385427,106.07932378549215
0.07,350.0,0.015,0.15,0.2,5702.6248159764555,117.53904030186985,116.24134424158984
0.07,350.0,0.015,0.1,0.1,5712.503535763451,116.05869360423522,114.75441809071734
0.05,350.0,0.015,0.15,0.2,5724.005643395229,104.72038396223356,103.77012422854244
0.05,450.0,0.02,0.15,0.15,5724.206240572773,105.17080150202474,104.18610266161224
0.06,400.0,0.015,0.1,0.15,5726.39901875908,106.72124166585762,105.62100299091958
0.06,400.0,0.005,0.12,0.2,5744.03590232233,102.19108768382769,101.47176541061552
0.07,300.0,0.02,0.12,0.25,5756.0486794742665,117.28915079311349,115.84336113159581
0.06,450.0,0.015,0.12,0.25,5762.267907861079,105.4401655423206,104.37397746289405
0.06,450.0,0.01,0.1,0.1,5783.598741634853,104.56988391371678,103.67676904389602
0.07,400.0,0.015,0.15,0.15,5793.719663892897,117.44219876008754,116.19176317842152
0.05,350.0,0.005,0.15,0.15,5796.567303658008,101.98834159746504,101.31814461113885
0.06,350.0,0.02,0.1,0.25,5799.791066738395,108.237000467667,107.01051228133171
0.06,350.0,0.005,0.1,0.15,5807.074630914302,103.4821845617587,102.6844367340296
0.05,300.0,0.01,0.12,0.1,5813.00286438091,105.11011367826353,104.22700090394353
0.05,300.0,0.005,0.15,0.2,5818.8880010226885,102.57136040293184,101.83285255495619
0.06,450.0,0.01,0.12,0.2,5825.295483200738,103.52832248201311,102.63247097142016
0.05,350.0,0.02,0.15,0.25,5851.580995120372,105.34150612303067,104.31737431323467
0.05,350.0,0.02,0.12,0.1,5862.417359152274,106.68196077486185,105.65742470210277
0.06,450.0,0.005,0.12,0.15,5872.273782913696,101.2520707563659,100.61143481697223
0.05,400.0,0.02,0.15,0.2,5872.719332577433,105.03459296972436,104.03003011666952
0.07,400.0,0.02,0.15,0.2,5879.8159685500195,118.04444879845775,116.66239898733247
0.07,400.0,0.015,0.12,0.1,5882.217522106042,116.89401901281552,115.63953622189317
0.05,300.0,0.01,0.15,0.25,5882.645526411932,103.78907851754984,102.90474087904255
0.06,350.0,0.01,0.1,0.2,5885.418517833559,105.2298299456037,104.2278887912618
0.06,400.0,0.02,0.1,0.2,5893.586982638167,107.60546836482051,106.40259336833373
0.06,450.0,0.02,0.1,0.15,5896.140431798325,107.32788058504113,106.14884943580212
0.05,450.0,0.005,0.15,0.1,5904.069776211836,100.85871783235581,100.32175341912045
0.06,300.0,0.015,0.15,0.1,5909.88325014808,116.73659310271431,115.57966708296114
0.05,400.0,0.01,0.15,0.15,5914.026812087141,102.79637102527961,102.00196480186831
0.06,350.0,0.015,0.1,0.25,5916.365684372608,106.70366197516822,105.56635312398943
0.06,300.0,0.005,0.1,0.25,5918.3525782028855,104.11044493990919,103.22978139386214
0.07,400.0,0.02,0.1,0.1,5923.322856906558,116.5569335007704,115.16929838722245
0.06,350.0,0.02,0.15,0.1,5964.793745166959,116.92438770296498,115.7090352584208
0.06,400.0,0.01,0.1,0.15,5977.761707238272,104.46511771491562,103.5168797423141
0.05,350.0,0.015,0.12,0.1,5996.963651388406,105.3986238794594,104.4479430589668
0.05,350.0,0.01,0.15,0.2,5998.195888815379,103.07413062907968,102.23447768901087
0.07,300.0,0.015,0.15,0.25,5998.304671470876,118.28690727986357,116.94382238019195
0.07,300.0,0.015,0.12,0.15,6004.8970057755905,117.67792805258435,116.33295027038999
0.05,450.0,0.015,0.15,0.15,6006.511075551724,103.5464415044399,102.65470104823072
0.07,300.0,0.02,0.1,0.15,6006.868246731392,117.22181027714173,115.77584205152567
0.05,300.0,0.005,0.12,0.1,6036.448864418644,103.23613820708225,102.49848886345758
0.07,350.0,0.02,0.15,0.25,6053.779709722129,118.51809934108681,117.10614109571814
0.05,350.0,0.015,0.15,0.25,6068.7231272008075,104.0738030235202,103.12272762545626
0.07,300.0,0.02,0.12,0.2,6073.538926838658,118.04864896252394,116.60446957048492
0.06,400.0,0.015,0.1,0.2,6076.935932820582,105.86505883060136,104.76307933193466
0.07,350.0,0.02,0.12,0.15,6086.557801602338,117.90764514881789,116.49414032961938
0.07,450.0,0.02,0.15,0.15,6090.323897643062,118.22339725830159,116.87291645302066
0.06,400.0,0.02,0.1,0.25,6109.54714754056,107.0914390074724,105.88795084739452
0.06,400.0,0.005,0.12,0.25,6121.2004295759,101.60595206880359,100.88344074038712
0.06,450.0,0.015,0.1,0.15,6122.838030965574,105.37701197065641,104.31064690684263
0.05,400.0,0.015,0.15,0.2,6138.547162517273,103.5912596758103,102.66960974728069
0.05,300.0,0.02,0.12,0.15,6140.822899173136,105.8587556085102,104.81502251137248
0.07,350.0,0.005,0.15,0.1,6147.858134146019,116.51095818307006,115.66095737607985
0.06,350.0,0.01,0.1,0.25,6149.741452257704,104.72721743810318,103.72381851583577
0.05,400.0,0.02,0.12,0.1,6152.588276313289,105.71481879425859,104.70949450677986
0.06,450.0,0.01,0.12,0.25,6185.651089038535,102.9353749093233,102.03727476163036
0.07,450.0,0.02,0.12,0.1,6190.258157958983,117.67101812784871,116.31690687534987
0.05,300.0,0.005,0.15,0.25,6212.4976110483985,101.93813965760064,101.19761762035198
0.05,400.0,0.02,0.15,0.25,6219.874915620661,104.38595384947249,103.38089729896407
0.05,350.0,0.01,0.12,0.1,6223.720223811163,103.74219939558996,102.90276643546105
0.06,450.0,0.02,0.1,0.2,6239.437576834206,106.46667355473015,105.28648919886227
0.05,450.0,0.02,0.15,0.2,6250.607717360804,104.08193677601284,103.0962447838481
0.06,350.0,0.005,0.1,0.2,6262.827657023973,102.65207667150247,101.85041922102957
0.05,300.0,0.015,0.12,0.15,6303.707134056544,104.76608863590194,103.78551891943702
0.06,450.0,0.005,0.1,0.1,6323.63762333492,101.28803367500929,100.64637575875538
0.06,400.0,0.015,0.1,0.25,6339.814040511747,105.35928992986683,104.25630430754273
0.07,300.0,0.015,0.1,0.1,6350.788962778654,117.74171306151503,116.39526262169969
0.05,400.0,0.015,0.12,0.1,6374.909770730151,104.2626322162895,103.34069024526659
0.05,350.0,0.01,0.15,0.25,6394.863902931916,102.43765792531588,101.59659526028292
0.06,400.0,0.01,0.1,0.2,6422.671396235962,103.62691756101113,102.67590853384938
0.05,400.0,0.005,0.15,0.15,6432.9371067899465,100.35914397349906,99.75194391952824
0.05,350.0,0.005,0.15,0.2,6438.850676767272,100.93265062658593,100.25847332681602
0.07,350.0,0.02,0.1,0.1,6447.340766638959,117.9714038809332,116.55638832065846
0.05,450.0,0.01,0.15,0.15,6459.393111062797,101.4581914629889,100.70562601506818
0.06,400.0,0.005,0.1,0.15,6489.255477843424,101.54554021241553,100.82267245735127
0.05,350.0,0.02,0.12,0.15,6492.730206777557,104.89859513619436,103.87416299820902
0.06,450.0,0.02,0.1,0.25,6498.528081000527,105.95792583376199,104.77708256904418
0.05,450.0,0.02,0.12,0.1,6499.141164313358,104.75637865632343,103.76999927555778
0.06,450.0,0.005,0.12,0.2,6510.9552749089125,100.27841750724404,99.6318169462888
0.05,400.0,0.015,0.15,0.25,6534.128752323636,102.95146604311664,102.02888988584043
0.05,300.0,0.01,0.12,0.15,6544.990710493771,103.35303010741443,102.46785980137383
0.05,400.0,0.01,0.15,0.2,6545.647101880595,101.73210132175534,100.93494012742367
0.05,300.0,0.02,0.12,0.2,6550.130832562277,104.98068751059589,103.93659165188404
0.07,300.0,0.01,0.12,0.1,6552.740915814956,118.1160374695591,116.9252078634465
0.06,450.0,0.015,0.1,0.2,6553.070664449973,104.53132271449572,103.46306728822034
0.06,300.0,0.02,0.15,0.1,6555.597683559111,118.17240034824314,116.93290150779448
0.05,300.0,0.02,0.1,0.1,6555.914205676441,105.87614237085735,104.83134393849618
0.06,450.0,0.01,0.1,0.15,6557.390854508485,102.87403180101282,101.9756715979873
0.07,400.0,0.01,0.15,0.1,6559.950829523035,117.80465742359871,116.75937172659525
0.06,350.0,0.005,0.1,0.25,6587.004908836024,102.16174447080692,101.35779933581759
0.07,300.0,0.015,0.15,0.2,6588.186700705382,119.24370036356022,117.90360307864584
0.05,350.0,0.005,0.12,0.1,6606.833721293635,101.58738933894944,100.91440909497337
0.07,300.0,0.01,0.15,0.15,6609.976462109716,118.66984889870731,117.4834746527055
0.05,450.0,0.015,0.15,0.2,6623.4407540471375,102.47422918722094,101.58068233813924
0.07,350.0,0.02,0.15,0.2,6623.708812390623,119.47701968957766,118.06750456195297
0.05,450.0,0.02,0.15,0.25,6642.648131187715,103.43900404296028,102.45275824134345
0.07,350.0,0.015,0.12,0.1,6685.43900094765,118.58853523828867,117.29239898261774
0.07,350.0,0.015,0.15,0.15,6710.693754854075,119.14495073263082,117.8528003835836
0.05,300.0,0.015,0.1,0.1,6721.929623335259,104.78351238865127,103.8018958673581
0.05,400.0,0.01,0.12,0.1,6729.472763077581,102.39197889712484,101.59524745090434
0.06,400.0,0.01,0.1,0.25,6741.05493079077,103.13179465018284,102.17917060214647
0.05,350.0,0.015,0.12,0.15,6741.341951677397,103.63641227897908,102.68477754465093
0.05,300.0,0.015,0.12,0.2,6762.122293580885,103.89699456354154,102.91561858385896
0.07,300.0,0.02,0.12,0.15,6764.5336105959,119.3387192851968,117.89738730607345
0.07,300.0,0.02,0.15,0.25,6823.196955583997,119.95666024303755,118.51683160239297
0.05,450.0,0.015,0.12,0.1,6824.323036517901,103.13880329765101,102.24509087907259
0.05,300.0,0.02,0.12,0.25,6849.9689610646565,104.46138292033223,103.41709021352206
0.06,450.0,0.015,0.1,0.25,6863.34148714235,104.03176363861724,102.96241354480206
0.07,400.0,0.02,0.12,0.1,6880.127125538687,119.09836909274233,117.71716377242093
0.07,400.0,0.02,0.15,0.15,6882.475554837609,119.65764411395207,118.28005592846146
0.05,350.0,0.005,0.15,0.25,6897.62366847555,100.30935197092437,99.63285642131325
0.05,400.0,0.02,0.12,0.15,6899.610349292787,103.94707787390458,102.94167971799503
0.05,300.0,0.005,0.12,0.15,6914.107333835877,101.51008699421922,100.76819590307704
0.05,350.0,0.02,0.1,0.1,6917.572827095462,104.91596263642022,103.89047595686137
0.06,450.0,0.005,0.12,0.25,6959.8987143290005,99.70403554144873,99.0539507507969
0.05,350.0,0.02,0.12,0.2,6961.682471511239,104.02824126245326,103.00336233564582
0.05,300.0,0.01,0.1,0.1,6966.544293377308,103.37046988273167,102.48427913054027
0.05,400.0,0.01,0.15,0.25,6998.795369679791,101.10372657975412,100.30497076877877
0.07,450.0,0.015,0.15,0.1,7021.70870456422,119.00420240675847,117.80563764743405
0.06,400.0,0.005,0.1,0.2,7045.68102422964,100.73066018923606,100.00345318529251
0.05,300.0,0.01,0.12,0.2,7062.367085275573,102.49556878515416,101.60890279595111
0.05,450.0,0.015,0.15,0.25,7068.539253818571,101.84115210187207,100.94657087288726
0.06,450.0,0.01,0.1,0.2,7090.017659431789,102.04829991500134,101.14691124020065
0.05,300.0,0.015,0.12,0.25,7090.886036638166,103.383009754047,102.40117449127067
0.05,350.0,0.01,0.12,0.15,7104.7308109345295,102.00736245819796,101.16533924824712
0.07,300.0,0.02,0.1,0.1,7105.862622207085,119.40295169722496,117.96008477270034
0.04,300.0,0.02,0.15,0.1,7157.30733382019,102.66517119688427,101.8280907906781
0.05,350.0,0.015,0.1,0.1,7169.753796501788,103.65382073179374,102.70115296859183
0.05,400.0,0.005,0.15,0.2,7181.522273842022,99.3199656252246,98.70828743263006
0.05,450.0,0.01,0.15,0.2,7183.560243345352,100.40743875125175,99.65181395552665
0.05,300.0,0.02,0.1,0.15,7188.137149444222,104.39821225037512,103.35387228084993
0.05,450.0,0.005,0.15,0.15,7191.122652073784,98.75581706963943,98.20980763623845
0.05,400.0,0.015,0.12,0.15,7248.893069477086,102.51883625121765,101.59562628564485
0.05,350.0,0.015,0.12,0.2,7266.092688060334,102.7764277390143,101.82383518344889
0.05,350.0,0.02,0.12,0.25,7297.0408703414605,103.51350641616503,102.48838081992008
0.05,400.0,0.005,0.12,0.1,7302.007540938041,99.96481568777072,99.35466292281673
0.05,450.0,0.01,0.12,0.1,7327.175627401236,101.0592247772329,100.30423438134528
0.05,400.0,0.02,0.1,0.1,7334.052711456123,103.96442509794343,102.9579831133
0.05,300.0,0.005,0.1,0.1,7339.185598650275,101.52750654113036,100.78463285549908
0.06,450.0,0.005,0.1,0.15,7344.285611519171,99.64496172034437,98.99449185549815
0.05,450.0,0.02,0.12,0.15,7360.150987336401,103.00412662650164,102.0174987320007
0.04,300.0,0.015,0.15,0.1,7385.950889173401,101.80116959336414,101.01352172141281
0.05,300.0,0.01,0.12,0.25,7425.824393668939,101.98847841881796,101.1009452524739
0.05,400.0,0.02,0.12,0.2,7426.824219486055,103.08437097867115,102.07844353615964
0.06,400.0,0.005,0.1,0.25,7429.583549040631,100.2493396931125,99.51959098492817
0.05,300.0,0.015,0.1,0.15,7433.925129466774,103.3206212085646,102.3387070829493
0.06,450.0,0.01,0.1,0.25,7460.504644057732,101.56055558141685,100.65739960394427
0.05,300.0,0.005,0.12,0.2,7502.436695495966,100.66782923670195,99.92338398709846
0.07,300.0,0.02,0.15,0.2,7508.216326378186,120.92688695407448,119.48943255583613
0.05,350.0,0.01,0.1,0.1,7536.9286165829935,102.02478647453503,101.18176082587888
0.04,350.0,0.02,0.15,0.1,7553.29990144215,101.89895246561353,101.07713142877503
0.05,300.0,0.02,0.1,0.2,7621.199855803291,103.67546655968229,102.63092357969916
0.05,350.0,0.015,0.12,0.25,7634.314993777334,102.26783970954274,101.31469809556233
0.05,350.0,0.02,0.1,0.15,7644.752713099109,103.45098506772983,102.42580638801333
0.05,350.0,0.005,0.12,0.15,7651.649771911252,99.88824862162532,99.21017947746009
0.07,300.0,0.015,0.12,0.1,7670.717427302276,120.30750846924438,118.9687656412252
0.07,300.0,0.005,0.15,0.1,7685.485802877618,119.04537345469609,118.09909005305127
0.05,400.0,0.015,0.1,0.1,7687.320534794303,102.53622780444904,101.61199847430645
0.04,300.0,0.01,0.15,0.1,7690.233898715752,100.6826771065202,99.96988944150917
0.05,450.0,0.01,0.15,0.25,7691.438453820686,99.78705959367788,99.02966016587578
0.05,350.0,0.01,0.12,0.2,7696.168865807518,101.16079300458811,100.31702009174573
0.05,400.0,0.005,0.15,0.25,7703.078146743535,98.70643455663185,98.09214384774447
0.07,350.0,0.02,0.12,0.1,7709.20197028608,120.54294552018429,119.13417722371565
0.05,400.0,0.01,0.12,0.15,7754.830398907142,100.67910871150167,99.87926795863405
0.05,300.0,0.01,0.1,0.15,7774.512297822831,101.92707780549297,101.03941678144011
0.05,400.0,0.02,0.12,0.25,7796.879891487085,102.57416597637942,101.56794294998602
0.05,450.0,0.02,0.1,0.1,7804.043555823407,103.02145257944096,102.0337914885737
0.07,300.0,0.015,0.15,0.15,7813.186590002505,120.8722824675654,119.53746144762556
0.07,350.0,0.02,0.15,0.15,7816.549683510437,121.1092018363605,119.70403641089234
0.05,450.0,0.015,0.12,0.15,7824.417562013891,101.41323184061051,100.51794402033832
0.05,400.0,0.015,0.12,0.2,7838.204535151244,101.66786641692823,100.74355034046945
0.04,350.0,0.015,0.15,0.1,7856.372281817013,100.8991315743075,100.13439601288029
0.07,350.0,0.01,0.15,0.1,7880.759297147413,119.87820750579205,118.76974256085411
0.05,300.0,0.015,0.1,0.2,7906.243344635388,102.60526205892036,101.62277903006952
0.05,300.0,0.005,0.12,0.25,7907.600797054257,100.16974763623739,99.42380904427921
0.05,300.0,0.02,0.1,0.25,7922.196069485314,103.24757305884127,102.20291976373076
0.05,450.0,0.02,0.12,0.2,7944.268665229003,102.1490000455532,101.1617618757283
0.04,400.0,0.02,0.15,0.1,7983.672984861467,101.1384019919621,100.33165832940387
0.05,350.0,0.015,0.1,0.15,7987.5605048836005,102.20622083533883,101.25298981179927
0.06,450.0,0.005,0.1,0.2,7997.042473890877,98.84503167126684,98.18980965782163
0.05,450.0,0.005,0.15,0.2,8042.09515398372,97.73289466815966,97.18192543660902
0.05,350.0,0.005,0.1,0.1,8087.840025258038,99.90564465074378,99.22661696021743
0.05,350.0,0.01,0.12,0.25,8103.626635373224,100.66015560143607,99.81536512773674
0.04,300.0,0.005,0.15,0.1,8108.313070311651,99.22131029212022,98.62139588843348
0.05,450.0,0.005,0.12,0.1,8117.098828237513,98.36800428666726,97.81887889982119
0.05,350.0,0.02,0.1,0.2,8125.4869830336465,102.73459091752395,101.70913930560118
0.05,400.0,0.02,0.1,0.15,8153.960301347172,102.51228745020443,101.50600564604336
0.07,400.0,0.015,0.15,0.1,8176.340157498995,120.7283179056335,119.48843078037488
0.05,400.0,0.01,0.1,0.1,8197.472566608256,100.69651455475588,99.89568921080063
0.04,300.0,0.02,0.15,0.15,8220.772260076916,100.89418555457489,100.0582044922745
0.05,300.0,0.015,0.1,0.25,8230.435535782875,102.18175184145306,101.1989417987291
0.05,400.0,0.015,0.12,0.25,8244.830641886088,101.16461889131557,100.23966591860535
0.04,350.0,0.01,0.15,0.1,8262.296542176162,99.60689853717237,98.92839656777639
0.05,300.0,0.005,0.1,0.15,8262.86490550981,100.10960634042561,99.3634649068601
0.05,450.0,0.015,0.1,0.1,8272.689581159484,101.43060492950954,100.53431129749157
0.05,300.0,0.01,0.1,0.2,8293.95440906778,101.22129349432886,100.3324950264481
0.05,350.0,0.005,0.12,0.2,8322.859343272845,99.05916685881617,98.37813730331112
0.05,450.0,0.02,0.12,0.25,8348.213416135573,101.64328533284224,100.6557035594699
0.04,400.0,0.015,0.15,0.1,8370.62914704189,100.00502381472802,99.2628577098907
0.05,400.0,0.01,0.12,0.2,8418.012194180741,99.84329365168934,99.04145579407505
0.06,450.0,0.005,0.1,0.25,8438.099580523958,98.37255811931446,97.71455028417725
0.04,450.0,0.02,0.15,0.1,8447.746913078716,100.38347822306235,99.59163179708064
0.05,350.0,0.02,0.1,0.25,8454.961784786943,102.31046376158372,101.28486037040308
0.05,350.0,0.01,0.1,0.15,8463.260548826005,100.59967402376355,99.75473802955374
0.05,450.0,0.015,0.12,0.2,8476.552059498488,100.57118286529439,99.6746438613961
0.05,450.0,0.01,0.12,0.15,8492.320443838447,99.36804495944197,98.60943960468981
0.05,400.0,0.005,0.12,0.15,8507.749657934,98.2921685133001,97.67610651720973
0.05,350.0,0.015,0.1,0.2,8512.886501339022,101.49836168479713,100.54443612022531
0.07,450.0,0.02,0.15,0.1,8522.046389851052,121.53192277443104,120.189417461554
0.04,300.0,0.015,0.15,0.15,8523.348708456864,100.04486493931282,99.25756051477987
0.05,400.0,0.015,0.1,0.15,8608.0684057531,101.10376045377305,100.1787077973421
0.05,450.0,0.005,0.15,0.25,8624.123201880859,97.12897907419395,96.57511262681302
0.05,300.0,0.01,0.1,0.25,8645.963442708477,100.80346396974741,99.91400180941164
0.05,400.0,0.02,0.1,0.2,8681.24894374824,101.8021894572479,100.79556606438021
0.07,300.0,0.02,0.12,0.1,8681.738400503467,122.00495414390619,120.56814648286165
0.04,350.0,0.02,0.15,0.15,8705.589013973266,100.14072963370155,99.31983713982945
0.05,450.0,0.02,0.1,0.15,8714.490132717954,101.58204319326695,100.59439707234293
0.05,350.0,0.005,0.12,0.25,8777.201436566436,98.56889139606183,97.88612808300996
0.04,350.0,0.005,0.15,0.1,8822.703139982166,97.92210311526188,97.37319366399561
0.05,300.0,0.005,0.1,0.2,8839.00034410835,99.41633587313385,98.66818437942038
0.05,400.0,0.01,0.12,0.25,8868.095021886269,99.3490276166623,98.54602573694171
0.05,350.0,0.015,0.1,0.25,8868.708439380933,101.07929924438311,100.12497220943766
0.04,400.0,0.01,0.15,0.1,8891.222822522097,98.54253159708134,97.89767225475707
0.07,300.0,0.02,0.15,0.15,8896.863659416013,122.5782782084137,121.14505818103754
0.04,300.0,0.02,0.15,0.2,8909.981186174013,100.02809336149508,99.19215271032593
0.04,300.0,0.01,0.15,0.15,8916.885234049187,98.94542614611143,98.23181322724047
0.05,450.0,0.015,0.12,0.25,8920.549235197504,100.07322014999342,99.17595831894141
0.04,450.0,0.015,0.15,0.1,8927.713583048031,99.11877715906274,98.39884188896724
0.05,450.0,0.01,0.1,0.1,8945.210666742892,99.38543027876473,98.62585802023526
0.05,400.0,0.005,0.1,0.1,8954.82149344693,98.30953750355943,97.69254076730239
0.04,300.0,0.02,0.12,0.1,9031.83547462089,100.54937069065798,99.7124058428141
0.05,400.0,0.02,0.1,0.25,9038.535738195296,101.38179575243731,100.37497986688516
0.05,350.0,0.01,0.1,0.2,9041.867390589261,99.9028567114302,99.05657313413775
0.04,350.0,0.015,0.15,0.15,9093.037951135871,99.1579021319368,98.39322222895711
0.05,350.0,0.005,0.1,0.15,9144.229105411023,98.50985516072598,97.82686086804263
0.05,400.0,0.015,0.1,0.2,9184.96830264873,100.40332321104903,99.47745307496359
0.04,400.0,0.02,0.15,0.15,9223.059273394003,99.39285082855156,98.58686733014045
0.05,300.0,0.005,0.1,0.25,9224.441469048481,99.00592909448521,98.25659721502718
0.05,450.0,0.01,0.12,0.2,9224.985189980061,98.54284854220461,97.78200517347919
0.05,400.0,0.01,0.1,0.15,9238.40873540527,99.28945169852894,98.4862871879396
0.04,300.0,0.015,0.15,0.2,9248.738312388114,99.18598338822451,98.3983533371426
0.05,400.0,0.005,0.12,0.2,9258.759999215934,97.47605790709451,96.85664227768225
0.05,450.0,0.02,0.1,0.2,9287.23616308009,100.87818645333412,99.89013133559502
0.05,450.0,0.015,0.1,0.15,9293.569152046213,100.01311302276346,99.11574150141318
0.04,300.0,0.015,0.12,0.1,9352.051013934639,99.70311194023132,98.91468531307765
0.04,300.0,0.02,0.15,0.25,9378.07227405345,99.51531715399793,98.67941253618842
0.05,350.0,0.01,0.1,0.25,9429.137804838216,99.49034519329004,98.6432734377472
0.04,350.0,0.02,0.15,0.2,9439.161507335042,99.28089629729719,98.45996417564167
0.04,300.0,0.005,0.15,0.15,9443.097148612427,97.50901242374265,96.9064821236148
0.07,300.0,0.01,0.15,0.1,9459.548102727524,121.98810910022515,120.81456943005023
0.05,450.0,0.005,0.12,0.15,9477.720169403985,96.72144012068136,96.16561137677542
0.07,350.0,0.015,0.15,0.1,9524.482369197876,122.47730361634954,121.19513908765173
0.04,350.0,0.02,0.12,0.1,9543.33344197154,99.79852692680583,98.97662571654672
0.05,400.0,0.015,0.1,0.25,9571.565739003081,99.98866215744256,99.06231769578909
0.04,450.0,0.01,0.15,0.1,9575.468463578483,97.48945613807028,96.87760602515232
0.04,350.0,0.01,0.15,0.15,9600.435713398607,97.88768891716325,97.20789643863378
0.04,400.0,0.005,0.15,0.1,9612.114891293986,96.6397890878924,96.14067878317404
0.05,450.0,0.02,0.1,0.25,9671.680380999116,100.46149359083867,99.47320600767863
0.04,300.0,0.01,0.15,0.2,9685.853618786237,98.09590071363263,97.38139526668454
0.07,400.0,0.02,0.15,0.1,9693.067211819673,123.00498638876553,121.63513019763275
0.04,400.0,0.015,0.15,0.15,9704.334750805772,98.27874123179832,97.53634788934946
0.05,450.0,0.01,0.12,0.25,9716.351517142264,98.054873305109,97.29272330113977
0.04,300.0,0.015,0.15,0.25,9738.14381596214,98.67748609264108,97.88967527977874
0.05,400.0,0.005,0.12,0.25,9760.455566731822,96.99346700329959,96.37208492361975
0.04,300.0,0.01,0.12,0.1,9766.4878411401,98.60761731494392,97.89266603776088
0.04,450.0,0.02,0.15,0.15,9772.52911323996,98.6505082310376,97.85925598660751
0.05,350.0,0.005,0.1,0.2,9786.549236737144,97.82743168743599,97.14209168385693
0.04,350.0,0.015,0.15,0.2,9867.896225177272,98.30641499555497,97.54127280195401
0.05,400.0,0.01,0.1,0.2,9874.307854203105,98.60148818274877,97.79677140993775
0.05,450.0,0.015,0.1,0.2,9920.639179249954,99.32002040382814,98.42171112091926
0.04,350.0,0.02,0.15,0.25,9933.681728865835,98.77183160525634,97.95088805909346
0.05,450.0,0.005,0.1,0.1,9935.447985882764,96.73877866572224,96.18203874365545
0.04,350.0,0.015,0.12,0.1,9950.918437758066,98.8192421684166,98.05339383817446
0.04,400.0,0.02,0.15,0.2,10000.132941588348,98.53923152878447,97.73312952716076
0.04,400.0,0.02,0.12,0.1,10087.021944549339,99.05324069510303,98.24622398724085
0.05,450.0,0.01,0.1,0.15,10097.084853587578,97.99618986065485,97.23386065576645
0.04,300.0,0.02,0.12,0.15,10103.968223776157,99.15772110539683,98.32183080347957
0.05,400.0,0.005,0.1,0.15,10138.910368148252,96.93551606910782,96.31387595412704
0.04,300.0,0.01,0.15,0.25,10200.90446129238,97.59295440253553,96.87793246689631
0.05,350.0,0.005,0.1,0.25,10211.387482462098,97.4234578401037,96.73673866854337
0.04,300.0,0.005,0.15,0.2,10264.743315765945,96.67173652109244,96.06744401462548
0.04,350.0,0.005,0.15,0.15,10283.173119878698,96.23167078952758,95.67941516562895
0.05,400.0,0.01,0.1,0.25,10295.725809561853,98.19422741528369,97.38860121744034
0.05,450.0,0.005,0.12,0.2,10305.542686584762,95.91809899671097,95.3585361268466
0.04,300.0,0.005,0.12,0.1,10317.57191058505,97.17633071363406,96.57212851321273
0.05,450.0,0.015,0.1,0.25,10337.175761053939,98.90971482715756,98.01085993956656
0.04,400.0,0.01,0.15,0.15,10337.922656908944,96.8411773567531,96.1945718571504
0.04,450.0,0.015,0.15,0.15,10356.26975865388,97.40731416701448,96.68687359412412
0.04,350.0,0.015,0.15,0.25,10386.736163118054,97.80230300947746,97.03689906292331
0.04,350.0,0.01,0.15,0.2,10424.831514330412,97.04701406841302,96.36610636375542
0.04,450.0,0.005,0.15,0.1,10474.100379403335,95.37415014141638,94.92365551023718
0.04,300.0,0.015,0.12,0.15,10479.870782346949,98.3229992782353,97.53505171226175
0.04,350.0,0.01,0.12,0.1,10482.087031331392,97.55358484653797,96.87237520989558
0.04,300.0,0.02,0.1,0.1,10510.025017108317,99.16099774599272,98.32429909354556
0.04,400.0,0.02,0.15,0.25,10520.568690812957,98.03385173115721,97.22769153749128
0.04,400.0,0.015,0.15,0.2,10527.552640709402,97.43458536325508,96.69159543283354
0.04,400.0,0.015,0.12,0.1,10590.812270806979,97.94314658611589,97.19953951602643
0.04,450.0,0.02,0.15,0.2,10592.254361301613,97.80305846583315,97.01160999367943
0.04,450.0,0.02,0.12,0.1,10662.253525053888,98.31347123273702,97.52116171840686
0.04,350.0,0.02,0.12,0.15,10682.38127834402,98.41691123409377,97.59594898646411
0.04,300.0,0.02,0.12,0.2,10754.133734569432,98.47545885949799,97.63969059069848
0.05,450.0,0.01,0.1,0.2,10788.450112545424,97.31696835874153,96.55288756934496
0.04,300.0,0.005,0.15,0.25,10810.761686419255,96.17605631605949,95.57073233367511
0.05,400.0,0.005,0.1,0.2,10844.927874963163,96.26377093229499,95.63946020037851
0.05,450.0,0.005,0.12,0.25,10852.82094309794,95.44307295433983,94.88131848494093
0.04,300.0,0.015,0.1,0.1,10888.041538576774,98.32638240317823,97.53763376002608
0.04,300.0,0.01,0.12,0.15,10961.51556733308,97.24247751499962,96.52708501959783
0.04,350.0,0.01,0.15,0.25,10972.82036133749,96.54931690567878,95.86776077950931
0.07,350.0,0.02,0.15,0.1,11017.251517241111,124.49581385469715,123.09812979767709
0.07,300.0,0.015,0.15,0.1,11072.921386993285,124.25151658402842,122.926100579859
0.04,400.0,0.015,0.15,0.25,11075.167522409734,96.93482117293092,96.19148990251851
0.04,350.0,0.02,0.1,0.1,11094.486782329255,98.4202472905922,97.59848259506752
0.04,450.0,0.01,0.15,0.15,11127.861433282034,95.80577321867243,95.19173076078998
0.04,450.0,0.02,0.15,0.25,11138.099636474346,97.3013371307376,96.50978438187268
0.04,350.0,0.015,0.12,0.15,11153.496990732308,97.45098053171839,96.68538351473703
0.04,300.0,0.015,0.12,0.2,11157.487389841144,97.64641726185407,96.85830273806714
0.04,350.0,0.005,0.15,0.2,11167.152591810047,95.40512224696569,94.8507530984369
0.04,300.0,0.02,0.12,0.25,11183.604881479474,98.0709931939593,97.235302403128
0.04,350.0,0.005,0.12,0.1,11192.977443004671,95.90347591777626,95.34942069618283
0.04,400.0,0.005,0.15,0.15,11194.353224821756,94.97094510928197,94.46777695326627
0.04,400.0,0.01,0.15,0.2,11216.293354076579,96.009261572867,95.36132281547278
0.04,450.0,0.015,0.15,0.2,11226.757312806438,96.57042695420226,95.84925783245639
0.05,450.0,0.005,0.1,0.15,11242.375692513948,95.38618790743207,94.824149400383
0.05,450.0,0.01,0.1,0.25,11242.929260624485,96.91489193109179,96.14978364753479
0.04,400.0,0.01,0.12,0.1,11250.880070697645,96.51073780381937,95.86263820691207
0.04,450.0,0.015,0.12,0.1,11270.772622166298,97.07475736736114,96.35305867795786
0.04,400.0,0.02,0.12,0.15,11291.66281548875,97.68158720715921,96.87537579160352
0.05,400.0,0.005,0.1,0.25,11307.68584307614,95.86612981118273,95.2402475024039
0.04,350.0,0.02,0.12,0.2,11366.207213378255,97.73958132032114,96.91867746848577
0.04,300.0,0.01,0.1,0.1,11371.990691323648,97.24597937333525,96.52979560440875
0.04,300.0,0.02,0.1,0.15,11520.508396006318,98.01506867923968,97.17937072631862
0.04,350.0,0.015,0.1,0.1,11568.019331975986,97.45443893288036,96.68804795179807
0.04,300.0,0.005,0.12,0.15,11593.993451517274,95.83079932385422,95.22474635960857
0.04,300.0,0.015,0.12,0.25,11603.194928217405,97.24532669107614,96.45711829002569
0.04,300.0,0.01,0.12,0.2,11672.188841467769,96.57326573343325,95.85725888227256
0.04,400.0,0.02,0.1,0.1,11709.735566418842,97.6849816478483,96.87797365953327
0.04,350.0,0.005,0.15,0.25,11750.164307981608,94.91580427136013,94.36019556792428
0.04,350.0,0.01,0.12,0.15,11761.042937605378,96.20262686675359,95.52060851450625
0.04,400.0,0.01,0.15,0.25,11796.357800304086,95.51675918360588,94.86804284019988
0.04,450.0,0.015,0.15,0.25,11802.498982737709,96.07497336410904,95.35338470149394
0.04,350.0,0.02,0.12,0.25,11815.810078372364,97.33804422884795,96.51718010136771
0.04,400.0,0.015,0.12,0.15,11866.444375432173,96.58663503289013,95.84305538673462
0.04,350.0,0.015,0.12,0.2,11868.637282017238,96.78022537165032,96.01435305186538
0.04,450.0,0.02,0.12,0.15,11931.185179369142,96.95170876916656,96.1600727693701
0.04,300.0,0.015,0.1,0.15,11943.07732645747,97.18995350070256,96.40171439201708
0.04,300.0,0.005,0.1,0.1,12006.979007915505,95.83443158072473,95.22760077965725
0.04,400.0,0.02,0.12,0.2,12008.485269199024,97.00915429122381,96.20293855480335
0.05,450.0,0.005,0.1,0.2,12009.676875243009,94.724955054914,94.1599315210767
0.04,450.0,0.01,0.15,0.2,12058.78396848674,94.98252591980963,94.3669367671218
0.04,450.0,0.01,0.12,0.1,12071.396618637247,95.47895837352318,94.86334670906271
0.04,300.0,0.02,0.1,0.2,12114.86295116977,97.45234489709702,96.61679728780699
0.04,300.0,0.01,0.12,0.25,12137.427921250406,96.17655358459314,95.46018759386911
0.04,400.0,0.005,0.12,0.1,12138.52050123027,94.64717713190757,94.14208533469197
0.04,400.0,0.005,0.15,0.2,12138.728214688863,94.1549874821826,93.64936354034938
0.04,350.0,0.02,0.1,0.15,12158.511512667961,97.282583102557,96.46170671031791
0.04,450.0,0.005,0.15,0.15,12174.284989313079,93.72662080215632,93.2713748912812
0.04,350.0,0.01,0.1,0.1,12178.192299217895,96.2062209984879,95.52342013784381
0.04,400.0,0.015,0.1,0.1,12287.223592118275,96.59016716453795,95.84580063851986
0.04,350.0,0.015,0.12,0.25,12336.76022444697,96.38259483621052,95.61656437994876
0.04,300.0,0.005,0.12,0.2,12344.613001965996,95.17123693262823,94.56388346947632
0.04,450.0,0.02,0.1,0.1,12355.14464367938,96.95516057403657,96.16273384909093
0.04,400.0,0.02,0.12,0.25,12477.823245571703,96.6105247612851,95.80431154237579
0.04,300.0,0.01,0.1,0.15,12480.785671298634,96.12187981216097,95.40544674046734
0.07,300.0,0.02,0.15,0.1,12499.189358970489,126.00461821093332,124.57862166196719
0.04,300.0,0.02,0.1,0.25,12502.1043048403,97.11845450313963,96.28299790007418
0.05,450.0,0.005,0.1,0.25,12508.92080936385,94.33354800563586,93.7667667117372
0.04,350.0,0.01,0.12,0.2,12513.745511715832,95.5403890065824,94.85758005294167
0.04,300.0,0.015,0.1,0.2,12559.503738228905,96.63191475514049,95.84358727730918
0.04,350.0,0.005,0.12,0.15,12563.967171193093,94.57513136544067,94.01864925424923
0.04,400.0,0.01,0.12,0.15,12611.524098659913,95.17381541576073,94.52454717503898
0.04,450.0,0.015,0.12,0.15,12617.782691890772,95.72989580837455,95.00800446329178
0.04,400.0,0.015,0.12,0.2,12618.2546605051,95.92165695269149,95.17769552897909
0.04,450.0,0.01,0.15,0.25,12670.079067786557,94.49516448803271,93.87867131052444
0.04,450.0,0.02,0.12,0.2,12680.350139517072,96.28413776754348,95.49243564095602
0.04,350.0,0.015,0.1,0.15,12682.859111882477,96.32777121450704,95.56170135115833
0.04,400.0,0.005,0.15,0.25,12757.584482766302,93.67195066705857,93.1648844640278
0.04,350.0,0.02,0.1,0.2,12779.93071154366,96.72392852880633,95.90314966918633
0.04,400.0,0.02,0.1,0.15,12826.231983251117,96.55552327104694,95.7492927703035
0.04,300.0,0.005,0.12,0.25,12833.430395430802,94.78025598095302,94.1721365923114
0.04,300.0,0.015,0.1,0.25,12959.83540461323,96.30081053022147,95.51243240888863
0.04,350.0,0.005,0.1,0.1,12983.968486987726,94.57887346908346,94.02162458314129
0.04,350.0,0.01,0.12,0.25,13004.060322499396,95.14781824596446,94.46454564233032
0.04,400.0,0.01,0.1,0.1,13035.23674651502,95.1774995236636,94.52745751375724
0.04,450.0,0.015,0.1,0.1,13044.725320556672,95.73350014561196,95.01082897574491
0.04,400.0,0.015,0.12,0.25,13108.283803736467,95.5274568454912,94.7832741368262
0.04,300.0,0.01,0.1,0.2,13123.786803277237,95.56991995521177,94.853029051433
0.04,450.0,0.005,0.12,0.1,13151.870962171222,93.40722056846305,92.94993055344843
0.04,450.0,0.02,0.12,0.25,13169.032515464865,95.88839493596697,95.09665866090936
0.04,450.0,0.005,0.15,0.2,13177.164727980462,92.92111936834714,92.46308429739693
0.04,300.0,0.005,0.1,0.15,13180.863311354684,94.72647829417329,94.11823617770153
0.04,350.0,0.02,0.1,0.25,13183.40234774368,96.39245626406314,95.57173706815888
0.03,300.0,0.02,0.15,0.1,13251.775403375974,95.05610452066071,94.42912420849342
0.04,350.0,0.015,0.1,0.2,13329.450714306333,95.77453946780629,95.00829149399847
0.04,350.0,0.01,0.1,0.15,13354.107639734175,95.0938018705635,94.41044805364471
0.04,350.0,0.005,0.12,0.2,13361.831865461432,93.92402126702902,93.36596092962917
0.04,400.0,0.01,0.12,0.2,13405.138050588874,94.51847934412748,93.86824794077249
0.04,450.0,0.015,0.12,0.2,13405.424046343931,95.07064545327034,94.34826770222777
0.04,400.0,0.015,0.1,0.15,13460.487817958083,95.47317746637151,94.72894682619898
0.04,400.0,0.02,0.1,0.2,13474.17662636553,96.0009087471681,95.19472372966645
0.04,450.0,0.01,0.12,0.15,13511.53456744775,94.15592684485406,93.53879406205792
0.04,450.0,0.02,0.1,0.15,13523.059154588109,95.83384935917611,95.04209086975563
0.04,300.0,0.01,0.1,0.25,13539.86320537005,95.24243012636639,94.52526935493783
0.04,400.0,0.005,0.12,0.15,13601.081024726886,93.33580147391838,92.82772130456685
0.03,300.0,0.015,0.15,0.1,13628.350255624498,94.44425589121512,93.8519911439142
0.04,350.0,0.015,0.1,0.25,13747.850686294714,95.44629209231991,94.67994022136335
0.03,350.0,0.02,0.15,0.1,13799.967152526973,94.50795030455565,93.8918542594432
0.04,450.0,0.005,0.15,0.25,13830.74458332032,92.44428366999999,91.98460890313567
0.04,300.0,0.005,0.1,0.2,13855.970799511573,94.18247708516162,93.57321063014533
0.04,350.0,0.005,0.12,0.25,13878.80102717532,93.53805963819134,92.97906871446843
0.04,400.0,0.02,0.1,0.25,13893.55577349703,95.67183725758981,94.86568101390127
0.04,450.0,0.015,0.12,0.25,13916.85897315511,94.67984641844066,93.95718533049858
0.04,400.0,0.01,0.12,0.25,13919.862793522994,94.13000706174498,93.47920968615156
0.04,450.0,0.01,0.1,0.1,13941.701257692166,94.1596986691759,93.54180082937971
0.04,400.0,0.005,0.1,0.1,14027.96715322979,93.33965002504864,92.83081412785623
0.04,350.0,0.01,0.1,0.2,14030.887995578392,94.54759508554315,93.86363762110965
0.03,300.0,0.01,0.15,0.1,14099.154542438677,93.65138009906218,93.11181749496856
0.04,400.0,0.015,0.1,0.2,14136.551333830908,94.92471164536597,94.18021469920633
0.04,450.0,0.02,0.1,0.2,14196.998100356463,95.28324593363678,94.49148163150643
0.04,350.0,0.005,0.1,0.15,14233.455211444727,93.4850750104737,92.92593915879617
0.03,350.0,0.015,0.15,0.1,14256.400850699803,93.79859527019833,93.22267724497671
0.04,450.0,0.015,0.1,0.15,14275.058506902167,94.62610600637655,93.90338863499133
0.04,400.0,0.01,0.1,0.15,14276.460432594497,94.07664036496881,93.42574798891322
0.04,300.0,0.005,0.1,0.25,14291.050379568813,93.85971834205677,93.24984589588053
0.04,450.0,0.01,0.12,0.2,14344.964744689767,93.50742116921543,92.88915629033079
0.03,400.0,0.02,0.15,0.1,14364.527533649849,93.96292526660108,93.35760888088446
0.04,400.0,0.005,0.12,0.2,14444.699679403238,92.69303613751818,92.18310716178797
0.04,350.0,0.01,0.1,0.25,14467.172744109454,94.22352455716971,93.53921070525884
0.04,400.0,0.015,0.1,0.25,14572.605235592579,94.59929666889619,93.85464349062566
0.04,450.0,0.02,0.1,0.25,14631.966797000214,94.95655798855582,94.16479201805679
0.03,300.0,0.02,0.15,0.15,14685.964442291792,93.78164414923322,93.15601646825452
0.03,300.0,0.005,0.15,0.1,14698.765363437005,92.61358213056572,92.15378666757904
0.04,450.0,0.005,0.12,0.15,14703.078278237066,92.1125986047036,91.65177310494312
0.03,350.0,0.01,0.15,0.1,14829.701640009986,92.88049375415216,92.36545453073424
0.04,450.0,0.01,0.12,0.25,14883.447152160461,93.12300489624224,92.50407387738076
0.03,400.0,0.015,0.15,0.1,14905.353086694426,93.15730877120909,92.5975432426893
0.03,450.0,0.02,0.15,0.1,14945.195168845321,93.42101172743297,92.82637122949676
0.04,350.0,0.005,0.1,0.2,14946.52228604218,92.94804619052444,92.38765639481814
0.04,450.0,0.015,0.1,0.2,14979.912684135143,94.08236538591609,93.35929503906925
0.04,400.0,0.01,0.1,0.2,14986.112235470964,93.53612713579308,92.8844883403129
0.04,400.0,0.005,0.12,0.25,14988.933827241173,92.31202986206685,91.80100988378136
0.03,300.0,0.015,0.15,0.15,15097.588336904131,93.17786735203448,92.58652892580184
0.04,450.0,0.005,0.1,0.1,15136.720668546066,92.11655027240548,91.65498007347284
0.04,450.0,0.01,0.1,0.15,15246.458487504538,93.07028024846454,92.45124078105155
0.03,350.0,0.02,0.15,0.15,15276.714467852064,93.24057979954621,92.62572822099705
0.04,400.0,0.005,0.1,0.15,15350.631975559603,92.2598268661465,91.74864042667973
0.04,350.0,0.005,0.1,0.25,15404.28282135613,92.62943147104043,92.06829946101463
0.04,450.0,0.015,0.1,0.25,15433.213308548655,93.75975856555897,93.03648055857819
0.04,400.0,0.01,0.1,0.25,15442.06356429004,93.21544047402972,92.56336058015106
0.03,300.0,0.02,0.12,0.1,15508.478732077512,93.52154891416204,92.89534267927675
0.03,300.0,0.02,0.15,0.2,15511.641369819683,93.15513315308243,92.5297963081326
0.03,350.0,0.005,0.15,0.1,15563.659818062735,91.68072583242554,91.25759824997297
0.03,450.0,0.015,0.15,0.1,15574.818979029644,92.52036703542436,91.97656164237998
0.03,400.0,0.01,0.15,0.1,15587.434646037238,92.11589993248765,91.62502283324677
0.04,450.0,0.005,0.12,0.2,15590.996042759052,91.47807185726059,91.01513398385005
0.03,300.0,0.01,0.15,0.15,15610.83485130676,92.39547806905023,91.85618478065001
0.03,350.0,0.015,0.15,0.15,15773.318416109227,92.54058495135155,91.96541798446356
0.03,400.0,0.02,0.15,0.15,15883.165591937452,92.7026055962733,92.09842667407271
0.03,300.0,0.015,0.12,0.1,15928.800182849904,92.91953042226908,92.32753115060453
0.03,300.0,0.015,0.15,0.2,15940.583522638952,92.55534100639385,91.96408591790868
0.04,450.0,0.01,0.1,0.2,15988.092502488427,92.5354016699842,91.91547600801077
0.03,300.0,0.02,0.15,0.25,16043.822948924182,92.78317993006962,92.15801636570275
0.04,400.0,0.005,0.1,0.2,16100.447885298281,91.72968171897993,91.21701763173729
0.03,350.0,0.02,0.12,0.1,16112.563257367096,92.98200071380995,92.36655304923462
0.03,350.0,0.02,0.15,0.2,16123.857597403306,92.61756316914621,92.00295126217186
0.04,450.0,0.005,0.12,0.25,16161.629960072452,91.10195777489011,90.63777264743185
0.03,300.0,0.005,0.15,0.15,16262.09107263306,91.37143800008981,90.9109056918366
0.03,450.0,0.01,0.15,0.1,16371.757895927174,91.35754771017326,90.89047568163227
0.03,350.0,0.01,0.15,0.15,16395.11452518751,91.63462898588618,91.11958185612744
0.03,300.0,0.01,0.12,0.1,16452.387493029983,92.13940968051394,91.59932757003915
0.04,450.0,0.01,0.1,0.25,16463.17968495957,92.2180638053249,91.59761411510709
0.03,400.0,0.005,0.15,0.1,16464.577502243417,90.75719031481322,90.37005573909663
0.03,400.0,0.015,0.15,0.15,16469.087485411943,91.9076217597698,91.34843428430696
0.03,300.0,0.01,0.15,0.2,16474.753891874538,91.77812728503004,91.23859700547816
0.03,300.0,0.015,0.15,0.25,16483.021382393323,92.1857587247134,91.59455372456321
0.03,450.0,0.02,0.15,0.15,16505.064171565355,92.16770407265199,91.57409518729276
0.04,450.0,0.005,0.1,0.15,16530.19881356746,91.0505251448996,90.58615267565874
0.04,400.0,0.005,0.1,0.25,16580.167857600325,91.4151582023457,90.90161918530521
0.03,350.0,0.015,0.12,0.1,16619.13769654411,92.2840442347895,91.70818599431394
0.03,350.0,0.015,0.15,0.2,16640.30846871469,91.92218888949972,91.34702144849257
0.03,350.0,0.02,0.15,0.25,16668.897639139403,92.24768764667553,91.63321864449887
0.03,400.0,0.02,0.12,0.1,16732.16332347577,92.4455339222658,91.84074160608559
0.03,400.0,0.02,0.15,0.2,16751.43882727825,92.08306404373094,91.4790741904592
0.03,300.0,0.02,0.12,0.15,16763.48366812614,92.51615499305275,91.89110493500391
0.03,300.0,0.01,0.15,0.25,17029.57022292543,91.41162399915436,90.87195363415796
0.03,300.0,0.005,0.12,0.1,17116.007572944698,91.11832553999778,90.6568071212357
0.03,300.0,0.02,0.1,0.1,17125.391124474245,92.51110502043424,91.8854893972964
0.03,300.0,0.005,0.15,0.2,17151.414302476565,90.76087563559456,90.29961514580239
0.03,450.0,0.015,0.15,0.15,17184.51915838135,91.27894877494478,90.73555066529697
0.03,350.0,0.005,0.15,0.15,17187.850787244544,90.45077018651162,90.02647531959397
0.03,350.0,0.015,0.15,0.25,17197.101617776963,91.55506266526598,90.97989555595584
0.03,400.0,0.01,0.15,0.15,17205.443632059687,90.8799928978589,90.38883500405375
0.03,300.0,0.015,0.12,0.15,17210.500173245935,91.92050453780507,91.32932465369574
0.03,350.0,0.01,0.12,0.1,17252.75287079687,91.38071476258581,90.86482862878913
0.03,350.0,0.01,0.15,0.2,17286.010147100293,91.02222716818169,90.50680954580024
0.03,400.0,0.02,0.15,0.25,17309.136252145472,91.71525473603765,91.11137774579778
0.04,450.0,0.005,0.1,0.2,17315.582391185435,90.5271760745841,90.06110804474463
0.03,400.0,0.015,0.12,0.1,17329.280761819842,91.65286490139714,91.09295617499993
0.03,400.0,0.015,0.15,0.2,17359.63940598028,91.29332883331877,90.73405817013324
0.03,450.0,0.02,0.12,0.1,17367.027300388523,91.91213112254181,91.31789175742338
0.03,450.0,0.02,0.15,0.2,17394.135290429618,91.55161841540969,90.95814855351821
0.03,350.0,0.02,0.12,0.15,17399.993134597633,91.98220202479543,91.36782476254908
0.03,450.0,0.005,0.15,0.1,17400.570778374316,89.84288321571348,89.49107640449714
0.03,300.0,0.02,0.12,0.2,17472.5700791819,92.02096580851934,91.39618409074694
0.03,300.0,0.015,0.1,0.1,17573.606427544262,91.91555968249027,91.32381568532539
0.03,300.0,0.005,0.15,0.25,17721.24418447887,90.39841005586243,89.93671787984832
0.03,350.0,0.02,0.1,0.1,17765.145617713377,91.97722554289139,91.36228531689352
0.03,300.0,0.01,0.12,0.15,17766.406344995215,91.14865668159831,90.60887504631279
0.04,450.0,0.005,0.1,0.25,17816.55787505058,90.21669160824096,89.74961937482709
0.03,350.0,0.01,0.15,0.25,17856.944738944014,90.65866693927053,90.14302997890796
0.03,300.0,0.02,0.12,0.25,17925.49427995978,91.7266784809247,91.10205484486565
0.03,400.0,0.015,0.15,0.25,17930.52918538149,90.92864249650697,90.36932306143163
0.03,300.0,0.015,0.12,0.2,17932.855775952452,91.42846486723657,90.83738910883477
0.03,350.0,0.015,0.12,0.15,17937.15529828809,91.29162997527335,90.71645233912679
0.03,450.0,0.02,0.15,0.25,17964.291330493706,91.18586389955202,90.59247719019314
0.03,450.0,0.01,0.15,0.15,18041.24449237277,90.13151950562934,89.66389807763557
0.03,400.0,0.02,0.12,0.15,18051.50221100431,91.45129965019446,90.84749288072997
0.03,450.0,0.015,0.12,0.1,18058.855942888233,91.02596350380861,90.48181461197674
0.03,350.0,0.005,0.12,0.1,18059.566265398895,90.20027254931644,89.7749115468459
0.03,400.0,0.01,0.12,0.1,18078.868427115587,90.6282149048183,90.13616870861388
0.03,450.0,0.015,0.15,0.2,18098.20573897019,90.66873201225249,90.12516908883315
0.03,350.0,0.005,0.15,0.2,18107.65574342473,89.84621802702615,89.4209867200585
0.03,400.0,0.01,0.15,0.2,18122.74718238161,90.2725007147535,89.78084094322226
0.03,350.0,0.02,0.12,0.2,18125.530266316437,91.48977564718489,90.8756260925361
0.03,300.0,0.01,0.1,0.1,18130.842534188683,91.14383801326987,90.6034937333453
0.03,400.0,0.005,0.15,0.15,18148.106501735587,89.53930454583228,89.15058053066002
0.03,300.0,0.02,0.1,0.15,18228.686738664037,91.68106868079532,91.05645670464939
0.03,350.0,0.015,0.1,0.1,18303.683357874535,91.28677500708112,90.71103612473183
0.03,300.0,0.015,0.12,0.25,18393.663941582854,91.1360534400405,90.54503817957439
0.03,400.0,0.02,0.1,0.1,18419.86418712405,91.44639599794696,90.84202886197025
0.03,300.0,0.005,0.12,0.15,18469.342009687778,90.13842609427023,89.6764136216677
0.03,300.0,0.01,0.12,0.2,18504.790802037624,90.66070778549998,90.12077682331994
0.03,350.0,0.02,0.12,0.25,18588.340256941876,91.1971326562191,90.58311704476137
0.03,350.0,0.01,0.12,0.15,18607.687354919024,90.39788219694358,89.88207722513481
0.03,350.0,0.015,0.12,0.2,18677.89553919196,90.80285574195786,90.2277157613321
0.03,450.0,0.015,0.15,0.25,18682.93694054828,90.3064694982834,89.76280934606064
0.03,400.0,0.015,0.12,0.15,18682.949327879873,90.66701891821282,90.10765379741882
0.03,350.0,0.005,0.15,0.25,18695.673929783898,89.48732665035487,89.06154003196934
0.03,300.0,0.015,0.1,0.15,18698.422051946796,91.090780877028,90.49976221323513
0.03,400.0,0.01,0.15,0.25,18709.460857291826,89.91186011314133,89.4199030096266
0.03,450.0,0.02,0.12,0.15,18717.765268946383,90.9234306201712,90.33009285756272
0.03,400.0,0.02,0.12,0.2,18793.229149423256,90.9616208248021,90.35800157539941
0.03,300.0,0.005,0.1,0.1,18835.257401177252,90.13375960270143,89.67118586628926
0.03,300.0,0.02,0.1,0.2,18845.628764748937,91.2717253278425,90.64735640297125
0.03,350.0,0.02,0.1,0.15,18894.585980677446,91.15180974177204,90.53780210284732
0.03,450.0,0.01,0.12,0.1,18930.160956042586,89.88185995564301,89.41330179943704
0.03,300.0,0.01,0.12,0.25,18975.112703875584,90.37073245118265,89.8307113762143
0.03,350.0,0.01,0.1,0.1,18975.737698092096,90.39317275696385,89.87680830559711
0.03,450.0,0.01,0.15,0.2,18984.396271101778,89.52889793523167,89.06064533596111
0.03,400.0,0.005,0.12,0.1,19037.229639852605,89.29139499153167,88.90152652612804
0.03,400.0,0.015,0.1,0.1,19052.857403867587,90.66225286557506,90.10232936756373
0.03,450.0,0.02,0.1,0.1,19089.301525896557,90.91859914155714,90.3247036055019
0.03,400.0,0.005,0.15,0.2,19097.63141430088,88.94070391935661,88.55083926125658
0.03,450.0,0.005,0.15,0.15,19141.93947508591,88.63694986039773,88.2831396210436
0.03,350.0,0.015,0.12,0.25,19149.738128088262,90.51238800569065,89.93726903224083
0.03,300.0,0.005,0.12,0.2,19227.182833690636,89.6558427250676,89.19329234918
0.03,300.0,0.02,0.1,0.25,19237.681757345636,91.02829068564508,90.40406411450326
0.03,400.0,0.02,0.12,0.25,19265.768456284455,90.6706130778303,90.06710389796805
0.03,300.0,0.01,0.1,0.15,19281.707708004804,90.32588933288586,89.78584164183272
0.03,300.0,0.015,0.1,0.2,19326.10440747921,90.68404108281028,90.09312960820539
0.03,350.0,0.01,0.12,0.2,19366.735568599994,89.9138458176683,89.39778573253251
0.03,400.0,0.015,0.12,0.2,19441.738102517338,90.18148865260734,89.62209558676491
0.03,450.0,0.015,0.12,0.15,19447.51782402755,90.04664272983918,89.50290221212575
0.03,350.0,0.015,0.1,0.15,19457.777336203846,90.46745587830075,89.892327464128
0.03,350.0,0.005,0.12,0.15,19459.229650176803,89.22999059882414,88.80379523718462
0.03,400.0,0.01,0.12,0.15,19473.840411206787,89.65323999884367,89.16105907557046
0.03,450.0,0.02,0.12,0.2,19475.424117935334,90.43648417562784,89.84329418702718
0.03,350.0,0.02,0.1,0.2,19524.84534023211,90.7447507273077,90.13095244462404
0.03,400.0,0.02,0.1,0.15,19575.029163571067,90.62557528170564,90.02207043291494
0.03,450.0,0.01,0.15,0.25,19586.55517961505,89.17115371612847,88.702527034624
0.03,400.0,0.005,0.15,0.25,19703.3842176164,88.58535179361914,88.19481061071242
0.03,300.0,0.005,0.12,0.25,19709.041223602177,89.36906198728961,88.90619059768784
0.03,300.0,0.015,0.1,0.25,19724.55298085808,90.44215820016952,89.85130829456065
0.03,450.0,0.015,0.1,0.1,19820.76456568782,90.04196463002921,89.49766860596456
0.03,350.0,0.005,0.1,0.1,19828.967883459783,89.2254561185261,88.79870300027692
0.03,400.0,0.01,0.1,0.1,19845.455233728422,89.64863835195155,89.1559011303959
0.03,350.0,0.01,0.12,0.25,19849.444055131662,89.62619948231146,89.1099864336406
0.03,300.0,0.01,0.1,0.2,19922.362464294052,89.92253116698889,89.38238100347178
0.03,400.0,0.015,0.12,0.25,19924.413853651775,89.89295180746247,89.33354077557655
0.03,350.0,0.02,0.1,0.25,19924.918643388002,90.50267654187046,89.88900058729521
0.03,450.0,0.02,0.12,0.25,19957.53807201037,90.14710262976219,89.55399909974125
0.03,300.0,0.005,0.1,0.15,20017.805242912385,89.32477156979198,88.86183803653991
0.03,450.0,0.005,0.12,0.1,20048.085986448164,88.39160191966437,88.0365705997335
0.03,350.0,0.015,0.1,0.2,20100.340385454027,90.06341592033236,89.48833962363074
0.03,450.0,0.005,0.15,0.2,20120.43691727324,88.0442426628136,87.6890915752187
0.03,350.0,0.01,0.1,0.15,20159.580957902923,89.581764298226,89.06551503313254
0.03,400.0,0.02,0.1,0.2,20218.392758336675,90.22078799021044,89.61745917120508
0.03,450.0,0.015,0.12,0.2,20224.0235385625,89.56433510221179,89.02050190002213
0.03,400.0,0.015,0.1,0.15,20235.68691738872,89.84835760958154,89.28893118981442
0.03,350.0,0.005,0.12,0.2,20240.41136247729,88.75215853167826,88.32526033965365
0.03,400.0,0.01,0.12,0.2,20253.111028696418,89.17308503475809,88.68054488674741
0.03,450.0,0.02,0.1,0.15,20269.77588075944,90.10234819528127,89.5092454003665
0.03,300.0,0.01,0.1,0.25,20328.52783970331,89.68266342643918,89.14245016585252
0.03,450.0,0.01,0.12,0.15,20364.306258550037,88.91468042884675,88.4457750407882
0.03,400.0,0.005,0.12,0.15,20482.042091727755,88.3306369251979,87.93960033836245
0.03,350.0,0.015,0.1,0.25,20507.73994889643,89.82314112072741,89.24809365796199
0.03,400.0,0.02,0.1,0.25,20626.3583688225,89.9800667372474,89.37684044016167
0.03,300.0,0.005,0.1,0.2,20674.203706225973,88.92584877338783,88.46249136515767
0.03,450.0,0.015,0.12,0.25,20717.333884579188,89.27771643187056,88.73382680290554
0.03,350.0,0.005,0.12,0.25,20736.242875450702,88.46820614386866,88.04088895077848
0.03,450.0,0.01,0.1,0.1,20739.436498980645,88.91018515560545,88.44072666604265
0.03,450.0,0.005,0.15,0.25,20743.479176338606,87.69239517476808,87.33644872619054
0.03,400.0,0.01,0.12,0.25,20747.94221411873,88.88774915350156,88.39499418818554
0.03,350.0,0.01,0.1,0.2,20816.95809803373,89.18164087041653,88.6652015375736
0.03,400.0,0.005,0.1,0.1,20855.54343988277,88.32623232003587,87.93464152899156
0.03,400.0,0.015,0.1,0.2,20892.856170825293,89.44699973382059,88.88757107952998
0.03,450.0,0.02,0.1,0.2,20926.03308304975,89.69982008016807,89.1068603541305
0.03,450.0,0.015,0.1,0.15,21031.794141487593,89.23345767548317,88.68954680072835
0.03,350.0,0.005,0.1,0.15,21048.846861721315,88.42440937825174,87.99701510398812
0.03,400.0,0.01,0.1,0.15,21061.561626335457,88.84371827037295,88.35091766233126
0.03,300.0,0.005,0.1,0.25,21089.72517821285,88.68862359707543,88.22501198656849
0.03,450.0,0.01,0.12,0.2,21163.364899679145,88.43837602336775,87.96900895454762
0.03,350.0,0.01,0.1,0.25,21233.16965384455,88.9436999381082,88.42714543704183
0.03,400.0,0.005,0.12,0.2,21285.973526061243,87.85750976894917,87.46560863350524
0.03,400.0,0.015,0.1,0.25,21309.04209325228,89.20832242583204,88.64889029899723
0.03,450.0,0.02,0.1,0.25,21341.764477101387,89.4604442765674,88.86756748388592
0.03,450.0,0.005,0.12,0.15,21536.890035638193,87.44027502981164,87.08374827614622
0.03,450.0,0.01,0.12,0.25,21670.0590569327,88.15533219771177,87.68568944308508
0.03,450.0,0.015,0.1,0.2,21703.298801936988,88.83476424352402,88.29079749495995
0.03,350.0,0.005,0.1,0.2,21724.12984985115,88.02941468857382,87.60146002656134
0.03,400.0,0.01,0.1,0.2,21735.300733927666,88.4468038629613,87.95372697777495
0.03,400.0,0.005,0.12,0.25,21795.425224067585,87.5763580681683,87.18394185432903
0.03,450.0,0.005,0.1,0.1,21914.09565522851,87.43599819260307,87.07892083057153
0.03,450.0,0.01,0.1,0.15,21987.102459376405,88.11170201403819,87.64200436212226
0.03,400.0,0.005,0.1,0.15,22111.793023750542,87.53304956432709,87.14054166426176
0.03,450.0,0.015,0.1,0.25,22128.108660471346,88.59767390482718,88.05367180163464
0.03,350.0,0.005,0.1,0.25,22150.981884558074,87.79452937936145,87.36623936277194
0.03,400.0,0.01,0.1,0.25,22161.34262666777,88.21077439446378,87.71753109528015
0.03,450.0,0.005,0.12,0.2,22362.99119505638,86.97180684240028,86.6142569848421
0.03,450.0,0.01,0.1,0.2,22676.84882534081,87.7179711119954,87.24791234318612
0.03,400.0,0.005,0.1,0.2,22805.477819671658,87.1419446230214,86.74874247686637
0.03,450.0,0.005,0.12,0.25,22885.716794098746,86.69342843396427,86.33526930331017
0.03,450.0,0.01,0.1,0.25,23112.50862051841,87.4838378839962,87.01356227110482
0.03,450.0,0.005,0.1,0.15,23205.773606640658,86.65060285957381,86.29233776476264
0.03,400.0,0.005,0.1,0.25,23243.371755052485,86.90937629312945,86.51575922107007
0.03,450.0,0.005,0.1,0.2,23917.386634946957,86.26334967966896,85.90425909686093
0.03,450.0,0.005,0.1,0.25,24366.039262964976,86.03307566329157,85.67349214155385
