l_early,l_late,t_late,tau_b,b_slope,b_max,sse,peak,late_mean,loss
1600.0,1350.0,30,15,25.0,300.0,3225.781121356895,103.10673624922573,102.68002540824985,3615.73061944381
1600.0,1450.0,30,15,25.0,400.0,3231.824170620162,103.07759102445638,102.6505721692914,3621.290310573169
1600.0,1400.0,30,15,25.0,300.0,3180.3539934013957,105.08308944075695,104.52046905934637,3622.2759414899438
1600.0,1400.0,30,15,25.0,350.0,3234.3618982612184,103.06288568732202,102.63571146725882,3623.5894015537547
1600.0,1450.0,30,15,25.0,350.0,3184.7990752993333,105.0383909490966,104.47535459519406,3624.6389994805672
1600.0,1400.0,30,15,30.0,300.0,3204.6959826689367,104.90856442313894,104.34432142208821,3638.672609005236
1600.0,1450.0,30,15,30.0,350.0,3217.8751482126954,104.80187440397302,104.23664151314844,3647.238214907964
1600.0,1400.0,30,15,35.0,300.0,3224.083016508441,104.787106637516,104.22173685095234,3652.822045295087
1600.0,1350.0,30,15,30.0,300.0,3266.248588075009,102.93552195195988,102.5070033676127,3653.556380823328
1600.0,1450.0,25,15,25.0,350.0,3243.904655370719,104.59489806056129,104.02774923556692,3664.8444869644936
1600.0,1400.0,30,15,40.0,300.0,3240.19393809217,104.69492630591813,104.12870268963081,3665.1177469588483
1600.0,1450.0,30,15,35.0,350.0,3246.8642316283076,104.63071938481151,104.06390173107894,3669.2121053406822
1600.0,1400.0,30,15,30.0,350.0,3289.2559709459706,102.83085580847491,102.40123413212048,3675.18363987589
1600.0,1400.0,25,15,25.0,300.0,3260.9037214974505,104.49189223305895,103.92379208803092,3677.9107318083907
1600.0,1350.0,30,15,35.0,300.0,3296.8224701378813,102.81636818051365,102.38659393727174,3682.5731420643915
1600.0,1450.0,30,15,30.0,400.0,3302.3525604384067,102.77258535469181,102.34235021952517,3687.5890766056805
1600.0,1450.0,30,15,40.0,350.0,3270.346249040237,104.50664635141855,103.93868238037203,3687.9060117402414
1600.0,1400.0,30,12,25.0,300.0,3278.763209001652,104.56622357672111,103.9988097800539,3698.590932771093
1600.0,1450.0,25,15,30.0,350.0,3287.5145074547777,104.35928431304727,103.7899615933972,3699.7120611696914
1600.0,1350.0,30,15,40.0,300.0,3321.404251961901,102.72593646482744,102.29521056174814,3706.1272555761866
1600.0,1400.0,25,15,30.0,300.0,3295.626841832972,104.31830267698996,103.74860261572816,3706.3958015449894
1600.0,1450.0,25,15,25.0,400.0,3331.1243310240657,102.6424480342061,102.21084455292353,3715.016630983815
1600.0,1450.0,30,12,25.0,350.0,3300.501377935813,104.43352771762747,103.86488918603668,3715.3564406037062
1600.0,1400.0,30,15,35.0,350.0,3333.964918242332,102.66294751022971,102.23155941642344,3718.0506878788865
1600.0,1400.0,25,15,35.0,300.0,3322.209388191024,104.19753877852374,103.62672811356917,3728.9271224215536
1600.0,1400.0,30,12,30.0,300.0,3316.8513403047746,104.39453010530045,103.8255320981331,3730.299345490566
1600.0,1450.0,25,15,35.0,350.0,3324.1110056780926,104.18882021262874,103.61792944494012,3730.5454230258274
1600.0,1450.0,20,15,25.0,350.0,3329.3325401021752,104.16153500908787,103.59039362317495,3734.8882751400033
1600.0,1450.0,30,15,35.0,400.0,3360.628799308874,102.55564393950588,102.1231290608504,3743.7775911503695
1600.0,1400.0,25,15,40.0,300.0,3343.7679693244904,104.10588506448347,103.53423284332229,3747.5690307264363
1600.0,1400.0,30,15,40.0,350.0,3368.806456438335,102.54122804997246,102.10856191408804,3751.843634673284
1600.0,1400.0,25,15,25.0,350.0,3371.8554288974765,102.48309242700462,102.04981660420627,3754.4767897312126
1600.0,1350.0,30,12,25.0,300.0,3371.7725991008856,102.59967514249207,102.16762243665733,3755.283221584055
1600.0,1450.0,25,15,40.0,350.0,3353.0849189164583,104.06527925913343,103.49325456795171,3755.637376323143
1600.0,1400.0,30,12,35.0,300.0,3347.0187963510903,104.27506767861085,103.70496977732503,3756.3101623255025
1600.0,1450.0,30,12,30.0,350.0,3354.0331695082696,104.20100607942395,103.6302272735581,3760.8639194021484
1600.0,1400.0,30,10,25.0,300.0,3370.4122902463914,104.22654049893856,103.6559963653909,3778.081337119414
1600.0,1400.0,30,12,40.0,300.0,3372.344146956762,104.1844165660103,103.61348534332498,3778.6359331968597
1600.0,1350.0,25,15,25.0,300.0,3399.761628010938,102.38214983538658,101.94781651937768,3781.7915440036986
1600.0,1450.0,20,15,30.0,350.0,3383.711257753992,103.9268072119586,103.35351404529305,3782.207019646045
1600.0,1400.0,20,15,25.0,300.0,3385.3658880011103,103.91495749152193,103.34155589782168,3783.5289541037205
1600.0,1300.0,30,15,25.0,300.0,3391.0268433832,101.16712778346755,100.871654487136,3784.5991015584004
1600.0,1450.0,25,12,25.0,350.0,3386.4655543378262,103.99248950320286,103.41979769147525,3786.846754778455
1600.0,1400.0,30,12,25.0,350.0,3405.641778455295,102.46949641154106,102.0360780712226,3788.173822298973
1600.0,1400.0,25,12,25.0,300.0,3389.9239989630237,103.97791759060951,103.4050923143448,3789.880862429125
1600.0,1450.0,30,15,40.0,400.0,3409.3775583129045,102.391027226351,101.95678685428466,3791.4528442791197
1600.0,1400.0,30,15,25.0,400.0,3399.7109932607973,101.1385406343258,100.84272909966397,3793.6563496855033
1600.0,1450.0,25,15,25.0,300.0,3274.6994484018105,106.64466088516586,105.9377069881424,3793.8123049898827
1600.0,1450.0,25,15,30.0,400.0,3415.067631500281,102.33857956831575,101.90379024322674,3796.893449485555
1600.0,1450.0,25,15,30.0,300.0,3290.2933456351375,106.46747755728128,105.75910999879677,3797.2182499574596
1600.0,1350.0,30,15,25.0,350.0,3403.582694137743,101.12410925518955,100.8281270150429,3797.7214550781455
1600.0,1450.0,30,12,35.0,350.0,3398.1318272779517,104.03276997375528,103.46044724386687,3799.703933311167
1600.0,1450.0,25,15,35.0,300.0,3303.610016667969,106.34420260054692,105.63485396927607,3802.355285721825
1600.0,1450.0,30,15,35.0,300.0,3275.407032646773,106.79517011828075,106.08942035962394,3805.2726437765605
1600.0,1450.0,30,15,40.0,300.0,3282.7059840671004,106.70120777191838,105.99470591932588,3805.815637328486
1600.0,1450.0,30,15,30.0,300.0,3267.6569676331856,106.91897592549616,106.21421893322673,3806.6427740999457
1600.0,1450.0,20,15,25.0,300.0,3317.052470348844,106.20272934725658,105.4922573245055,3806.7140615955086
1600.0,1450.0,30,12,25.0,400.0,3424.6832544979134,102.39697352441435,101.96279541469626,3806.7896470231967
1600.0,1450.0,25,15,40.0,300.0,3315.1235117872725,106.25064313689379,105.54055128069764,3807.825219636824
1600.0,1350.0,30,12,30.0,300.0,3425.550299607236,102.4312385459319,101.99741931405393,3807.847142718671
1600.0,1450.0,30,10,25.0,350.0,3410.2146408883027,104.03622436537565,103.46393329776862,3811.8901031930995
1600.0,1450.0,30,15,25.0,300.0,3260.088577833658,107.09687490001993,106.39354801046542,3812.614313733718
1600.0,1450.0,20,15,30.0,300.0,3340.9813789858295,106.0261841267065,105.31431398687012,3819.7622742585186
1550.0,1400.0,30,15,25.0,300.0,3412.583726178543,104.2423497651437,103.67195097041134,3820.7770970373717
1600.0,1400.0,25,15,30.0,350.0,3440.381273248357,102.25224266544961,101.81655051934015,3821.893840985934
1600.0,1400.0,30,10,30.0,300.0,3419.623892220215,104.05677755845784,103.48467491133562,3821.9183156078952
1600.0,1450.0,20,15,35.0,350.0,3428.239783988406,103.75695524750329,103.18210975323882,3822.18451675242
1600.0,1450.0,30,12,25.0,300.0,3309.000653561581,106.5700170049849,105.86246704796801,3822.916946039305
1600.0,1400.0,20,15,30.0,300.0,3430.85386576414,103.74220095467831,103.167220804196,3824.425372967431
1550.0,1450.0,30,15,25.0,350.0,3420.7491605310124,104.19799872121744,103.62719228232412,3827.481875234043
1600.0,1450.0,20,15,35.0,300.0,3360.176727750585,105.90332986414523,105.19048927557348,3831.6839581119
1600.0,1450.0,30,12,40.0,350.0,3433.646733558513,103.91083520321187,103.33739589437681,3831.694595537509
1600.0,1450.0,25,12,25.0,300.0,3347.2877904272937,106.12001486849852,105.40888728239942,3831.788709948435
1600.0,1450.0,30,12,30.0,300.0,3330.766182563964,106.39500445311411,105.68605987721196,3832.8524645765433
1600.0,1400.0,25,12,30.0,300.0,3438.0981092710294,103.8072049523716,103.23281829113228,3833.3404676943746
1600.0,1350.0,25,15,30.0,300.0,3452.8182395194845,102.21208190232085,101.77597015331379,3834.2263949991348
1600.0,1450.0,20,15,25.0,400.0,3455.4607702669887,102.21724388181376,101.78118605290767,3836.88087746005
1600.0,1450.0,20,15,40.0,300.0,3376.16733493707,105.81009706956651,105.09652137386058,3842.3178673938046
1600.0,1300.0,30,15,30.0,300.0,3446.993212193988,100.9991621408175,100.7017031693024,3842.9483236219307
1600.0,1450.0,30,12,35.0,300.0,3349.611678737361,106.27323267368313,105.56332015848001,3843.7595898523364
1600.0,1450.0,25,12,30.0,350.0,3450.233582671719,103.76094966829626,103.18614063459071,3844.2799662689986
1600.0,1350.0,30,12,35.0,300.0,3466.6001564543917,102.31404219100494,101.87899617335876,3848.324619339064
1600.0,1450.0,25,12,30.0,300.0,3376.8567899994005,105.94575269147957,105.23324697915622,3850.8480483358576
1600.0,1450.0,20,15,40.0,350.0,3463.037045347434,103.63383517512254,103.05786693588168,3853.975587938754
1600.0,1450.0,30,12,40.0,300.0,3366.3648711928636,106.18082918052109,105.47018349598913,3854.649290205008
1550.0,1400.0,30,15,30.0,300.0,3452.675828427177,104.06918312723444,103.49719423571396,3855.3471646535927
1600.0,1400.0,20,15,35.0,300.0,3465.03553628549,103.62198620793298,103.04591002703523,3855.6977426416756
1600.0,1400.0,30,10,35.0,300.0,3458.841649068898,103.9386856655598,103.36550120823809,3857.6732007152473
1600.0,1450.0,30,10,25.0,300.0,3368.4142776277836,106.22376741142786,105.5134622748776,3859.406147263766
1600.0,1400.0,30,12,30.0,350.0,3480.347051501431,102.24138544878183,101.80557984327123,3861.828805581198
1600.0,1450.0,25,15,35.0,400.0,3482.8711401697065,102.12247474257225,101.68542758696833,3864.1408596398387
1600.0,1400.0,25,12,35.0,300.0,3475.2596879968064,103.68842496480316,103.11295427760133,3867.5007785132825
1600.0,1450.0,25,12,35.0,300.0,3401.1138077295336,105.82450300392743,105.11104081735729,3868.0828350495544
1600.0,1350.0,25,15,35.0,300.0,3492.111917894518,102.09377843612145,101.65643195902163,3873.364901674553
1600.0,1450.0,20,12,25.0,300.0,3414.565944193435,105.68006247801549,104.96546346264012,3873.480517130947
1600.0,1450.0,30,10,30.0,350.0,3478.475572926387,103.80640294995861,103.23200896285518,3873.6968989973666
1550.0,1450.0,30,15,30.0,350.0,3474.726991853475,103.96332264788485,103.39036372542813,3874.2623022190173
1600.0,1350.0,30,10,25.0,300.0,3494.4062013142793,102.26643551285424,101.83089170888638,3875.9619398126206
1600.0,1400.0,25,15,35.0,350.0,3494.9299177110684,102.0852375005131,101.64780195814056,3876.180505823448
1600.0,1350.0,30,15,30.0,350.0,3479.44653001985,100.89648193202784,100.59781106328343,3877.084674277624
1550.0,1450.0,25,15,25.0,350.0,3482.8140663975055,103.90447731289233,103.33097983981256,3880.6847873940305
1600.0,1400.0,20,15,40.0,300.0,3492.381131808074,103.53075890622912,102.95385231256287,3880.9920771179286
1600.0,1350.0,30,12,40.0,300.0,3500.164608546139,102.22511061680386,101.78913496805285,3881.6037630851642
1600.0,1450.0,30,10,30.0,300.0,3401.602932448047,106.05072279940461,105.33904673838882,3881.865956644947
1550.0,1400.0,30,15,35.0,300.0,3483.1822053415126,103.94867093511154,103.37557787609552,3882.2978003144412
1600.0,1450.0,25,12,40.0,300.0,3421.9635204253377,105.7324956814396,105.01830901983499,3883.7628524001707
1600.0,1300.0,30,15,35.0,300.0,3488.3187905740097,100.88226919091494,100.58343069278632,3886.203427854311
1600.0,1450.0,25,10,25.0,300.0,3422.1104080625964,105.77524981962605,105.06139966653154,3886.29494538744
1600.0,1400.0,30,10,40.0,300.0,3491.310028287846,103.84909086122153,103.2750869285797,3887.6653455988053
1600.0,1450.0,20,12,25.0,350.0,3499.9358013058286,103.56143702845793,102.98480955959047,3889.2214770218316
1600.0,1450.0,25,12,35.0,350.0,3501.701490672108,103.59343498789742,103.01709879086991,3891.7071979982775
1600.0,1400.0,25,10,25.0,300.0,3501.48875760849,103.64017499747061,103.06426452066734,3892.576090346265
1600.0,1400.0,25,12,40.0,300.0,3505.8794423122854,103.59829169670775,103.02199972181187,3895.9958897256615
1600.0,1400.0,30,15,30.0,400.0,3497.7924571404164,100.8393170942548,100.53997218119378,3896.442015392157
1550.0,1400.0,25,15,25.0,300.0,3506.9603863535394,103.80216198152235,103.2277292569087,3902.070667427955
1600.0,1450.0,20,12,30.0,300.0,3452.427847114407,105.5064366480413,104.79047482503326,3902.107852570939
1600.0,1450.0,30,10,35.0,300.0,3429.708984727668,105.9303481095218,105.21772076888439,3902.794870786405
1600.0,1450.0,25,10,25.0,350.0,3513.6332812947194,103.59687456666441,103.02056968793836,3903.7173765125035
1550.0,1450.0,30,15,25.0,300.0,3412.0808208330327,106.23988228735398,105.52970502358328,3904.096516655923
1550.0,1400.0,30,15,40.0,300.0,3507.7856319882894,103.85720838347173,103.28327865189124,3904.3599354333287
1600.0,1350.0,25,15,40.0,300.0,3523.295197016007,102.00399204978206,101.56570978883343,3904.582295785659
1600.0,1450.0,30,12,30.0,400.0,3523.604538801978,102.09734878622399,101.6600395439392,3904.85887555481
1550.0,1450.0,30,15,35.0,350.0,3519.087553257802,103.79349988744461,103.21898804993398,3913.97193408387
1550.0,1350.0,30,15,25.0,300.0,3535.1406178375987,102.28194489691148,101.84656322770073,3916.7472766429446
1550.0,1450.0,30,15,30.0,300.0,3435.8237884817013,106.06336817755889,105.35179216171547,3916.8543993244098
1600.0,1450.0,25,10,30.0,300.0,3462.9551365554953,105.60294710985079,104.88774230522758,3917.707918560461
1600.0,1400.0,25,15,40.0,350.0,3536.87004390391,101.96421353147157,101.52551704787538,3918.2141526813816
1550.0,1450.0,25,15,25.0,300.0,3445.171631542812,105.94058923004116,105.22804274556772,3918.8589897789634
1600.0,1450.0,25,15,40.0,400.0,3538.827654988479,101.95852494354179,101.5197692415974,3920.1820190449444
1600.0,1300.0,30,15,40.0,300.0,3521.041668771441,100.79355331065182,100.49366912192846,3920.539287860238
1600.0,1400.0,30,12,35.0,350.0,3539.699006813241,102.07634054359636,101.63881223424693,3920.948360583485
1600.0,1450.0,30,10,40.0,300.0,3453.7658328428824,105.83902139084331,105.12567362775097,3921.563146053223
1550.0,1450.0,30,15,25.0,400.0,3543.617582257491,102.25302110456506,101.81733709388644,3925.1324329026747
1600.0,1450.0,30,10,35.0,350.0,3534.5704964895576,103.64015188261892,103.06424119520501,3925.6572855569934
1600.0,1450.0,20,12,35.0,300.0,3482.4392652026195,105.38565536241146,104.66874791683449,3925.983359656292
1550.0,1450.0,30,15,35.0,300.0,3454.988002737719,105.9405264003192,105.22797941974662,3928.671665735056
1550.0,1400.0,30,15,25.0,350.0,3547.336196472573,102.23843513626919,101.80259870244694,3928.809908495866
1600.0,1450.0,25,12,40.0,350.0,3542.539496536699,103.47202308396992,102.89458244546016,3929.901227368478
1600.0,1400.0,20,12,25.0,300.0,3546.5729079017437,103.40356630471085,102.82550383721441,3932.5493245386606
1600.0,1400.0,20,15,25.0,350.0,3551.178974837983,101.9173460491813,101.47816180969053,3932.6232635721985
1600.0,1400.0,30,10,25.0,350.0,3551.4691843344435,102.07972941072887,101.64223643517849,3932.7188565282886
1600.0,1450.0,20,15,30.0,400.0,3552.9447674979638,101.91455025598069,101.4753369300842,3934.396160944127
1600.0,1450.0,25,12,25.0,400.0,3553.8600039819694,101.96453610647652,101.52584298103093,3935.2035469894995
1550.0,1450.0,25,15,30.0,350.0,3543.6495668849607,103.67039884422749,103.09476381465534,3935.4551942480243
1550.0,1450.0,25,15,30.0,300.0,3474.138478690694,105.76454885632619,105.05061445515715,3937.7232427242807
1550.0,1450.0,30,15,40.0,300.0,3471.002875813988,105.84729582852232,105.13401329129759,3939.273780311448
1600.0,1350.0,30,15,35.0,350.0,3539.2632674779143,100.7317594900474,100.43114760386263,3939.960136489632
1600.0,1350.0,30,10,30.0,300.0,3559.0178052335937,102.09989274102968,101.6626100304816,3940.2732324550984
1600.0,1450.0,25,10,35.0,300.0,3496.3693488731656,105.48308849763873,104.76694372315241,3944.844798722615
1550.0,1400.0,25,15,30.0,300.0,3554.6529295646546,103.62969199696622,103.05368601202005,3945.4945877756354
1550.0,1450.0,30,15,40.0,350.0,3553.853496228807,103.67039286406471,103.0947577799794,3945.658980002047
1600.0,1450.0,20,12,40.0,300.0,3507.641156156252,105.2940237277262,104.57640019519856,3946.687850082394
1600.0,1450.0,20,10,25.0,300.0,3505.7581602120836,105.33664332552456,104.61935271712085,3946.8797603479884
1600.0,1400.0,25,10,30.0,300.0,3560.5949548200892,103.47138181593365,102.89393534944176,3947.9433558849205
1550.0,1450.0,20,15,25.0,350.0,3559.3239330207703,103.61725507744936,103.04113580233894,3949.876438602407
1550.0,1450.0,20,15,25.0,300.0,3493.508760598785,105.64768830105945,104.93283486860557,3950.664418626613
1550.0,1400.0,30,12,25.0,300.0,3558.9315525477477,103.72950910465465,103.15441314501608,3952.1848325193228
1550.0,1450.0,25,15,35.0,300.0,3496.92434266526,105.64205849950402,104.92716083889079,3953.7758622253177
1600.0,1450.0,20,12,30.0,350.0,3574.529852617275,103.3307282343976,102.75200485223914,3959.115797184405
1600.0,1400.0,25,12,25.0,350.0,3577.87212091292,101.89291176775572,101.45347336019587,3959.3828002160017
1600.0,1350.0,25,12,25.0,300.0,3582.856944676699,101.87863172649466,101.4390448153072,3964.4109182471516
1550.0,1450.0,25,15,40.0,300.0,3515.6811514339097,105.54909463372486,104.83346726050495,3967.584734823988
1600.0,1400.0,30,12,40.0,350.0,3586.234456878646,101.95671867638896,101.51794417210913,3967.592187284948
1600.0,1450.0,25,10,40.0,300.0,3524.4437878882427,105.39215331472893,104.67529669279057,3968.3119751279714
1600.0,1450.0,30,10,40.0,350.0,3580.020879864449,103.51968045169077,102.94267309269692,3968.391920708965
1550.0,1450.0,30,12,25.0,300.0,3510.1857627132013,105.71712807594072,105.00282051948311,3971.134988759091
1550.0,1350.0,30,15,30.0,300.0,3590.946293453911,102.11206299474802,101.67490722433844,3972.2083932032792
1600.0,1450.0,30,10,25.0,400.0,3592.142050750152,101.95017512398965,101.5113325084547,3973.512420547481
1550.0,1450.0,20,15,30.0,300.0,3527.9270133336663,105.47207087123167,104.75583979040084,3975.83711921168
1600.0,1450.0,25,10,30.0,350.0,3591.9153277528044,103.36803863797253,102.78965370947867,3977.2027694717153
1600.0,1400.0,30,15,35.0,400.0,3575.5525006859093,100.62649185202132,100.32464156764205,3978.43555713733
1550.0,1400.0,25,15,35.0,300.0,3590.4248573712425,103.50969657400195,102.93259842005604,3978.5814031067457
1550.0,1450.0,25,15,35.0,350.0,3592.960678181889,103.50103345209686,102.9238565255217,3980.9324148629025
1550.0,1450.0,30,12,25.0,350.0,3591.6842108293777,103.59784518193581,103.02154914122167,3981.7904610721803
1600.0,1450.0,30,12,35.0,400.0,3602.364764237314,101.88425673950717,101.44472832155991,3983.9012881391186
1600.0,1300.0,30,12,25.0,300.0,3582.749387559218,100.66968762764472,100.3683453189237,3984.713521740394
1600.0,1450.0,20,10,30.0,300.0,3554.741481487459,105.16502126776552,104.44639152876911,3987.687100704856
1600.0,1350.0,30,15,40.0,350.0,3585.021543907544,100.61234948216502,100.31033294367768,3988.2120611747755
1600.0,1400.0,20,12,30.0,300.0,3605.4610926198525,103.2336842973155,102.65408150371735,3988.328236841976
1600.0,1350.0,30,10,35.0,300.0,3608.9148060120647,101.9840408629383,101.54555081797186,3990.22728292997
1600.0,1400.0,25,10,35.0,300.0,3606.672638514119,103.35396450118904,102.77545187942033,3991.6928098506487
1600.0,1400.0,25,15,25.0,400.0,3588.5938392536555,100.56966589990569,100.26714775755343,3992.732068634473
1550.0,1450.0,20,15,35.0,300.0,3554.558821862336,105.34985937222326,104.63267205127578,3996.3298132891773
1550.0,1450.0,30,12,30.0,300.0,3548.2431663947696,105.54347885837473,104.8278074419501,3999.8523384694527
1550.0,1400.0,30,12,30.0,300.0,3612.896930994887,103.55915289539759,102.98250463987306,4002.1318435586118
1550.0,1400.0,30,15,30.0,350.0,3622.5744500758537,102.00821052273584,101.56997220274883,4003.8570117133954
1550.0,1450.0,25,12,25.0,300.0,3558.682623883268,105.41929924816888,104.70265500953377,4003.9121431462363
1550.0,1400.0,25,15,40.0,300.0,3619.0146988583474,103.41862621775044,102.8407004917681,4005.2893481998567
1550.0,1450.0,20,15,30.0,350.0,3627.200152798532,103.38376380190367,102.80552157871837,4012.7900202370624
1600.0,1450.0,20,15,35.0,400.0,3630.5413491989275,101.69925158445876,101.25780167801632,4012.9215410668357
1550.0,1450.0,25,15,25.0,400.0,3631.849928506149,101.96502566405346,101.52633763515,4013.1926161019874
1550.0,1450.0,20,15,40.0,300.0,3576.2442878443076,105.25711204287917,104.53920037253465,4013.51773911903
1550.0,1350.0,30,15,35.0,300.0,3632.353439425291,101.99383672866426,101.55544869691391,4013.6526472208243
1550.0,1400.0,20,15,25.0,300.0,3629.492884219169,103.37198676336712,102.79363766075488,4014.855878864992
1600.0,1450.0,20,12,35.0,350.0,3633.8651021146266,103.16382671200886,102.58359167727293,4015.589554783012
1600.0,1400.0,20,15,30.0,350.0,3633.600190268339,101.68765291381305,101.24608270279128,4016.0518101693788
1550.0,1450.0,25,15,40.0,350.0,3631.2988160565747,103.37827866332354,102.79998665881264,4016.782737803909
1600.0,1350.0,20,15,25.0,300.0,3636.6804143705062,101.67604718357845,101.23435661375431,4019.205694715651
1600.0,1450.0,20,10,35.0,300.0,3593.7911744430025,105.04566790990054,104.32610923626105,4021.3321483860823
1550.0,1450.0,30,15,30.0,400.0,3640.4438097670645,101.9503929965036,101.51155264868729,4021.813747523298
1600.0,1400.0,30,10,30.0,350.0,3640.478708012412,101.85426731462962,101.41442709488192,4022.1142031477784
1550.0,1450.0,30,12,35.0,300.0,3578.487222492443,105.42265591273632,104.7060379427691,4023.8859032954065
1600.0,1450.0,20,10,25.0,350.0,3645.617204700648,103.16733874935711,102.58713548391493,4027.397214888144
1600.0,1400.0,25,10,40.0,300.0,3644.332952842752,103.26488148322197,102.6855612560177,4027.735981351793
1600.0,1350.0,30,10,40.0,300.0,3649.467094324117,101.89614551517992,101.45674074058796,4030.9684299095734
1600.0,1400.0,20,12,35.0,300.0,3650.0527942935296,103.11551570680344,102.53484383253269,4031.033319011266
1600.0,1350.0,25,12,30.0,300.0,3648.856039651378,101.71139706610722,101.27007315626186,4031.1637800931403
1600.0,1350.0,30,12,25.0,350.0,3628.276480644272,100.5419788382738,100.23913546578777,4033.045318895543
1600.0,1450.0,25,10,35.0,350.0,3655.2259494218197,103.20250044449841,102.62261534005522,4037.5732210157485
1550.0,1450.0,25,12,30.0,300.0,3601.8166203157652,105.24614677339395,104.52814954217042,4038.5675506276466
1550.0,1400.0,30,12,35.0,300.0,3654.1750283405718,103.44062115741662,102.86289519820703,4040.8918581587714
1550.0,1450.0,30,12,40.0,300.0,3603.9349740413504,105.33097253667083,104.61363761656355,4044.77879853941
1550.0,1450.0,30,10,25.0,300.0,3602.3671950250887,105.37357694883505,104.65657504730466,4045.3106822167515
1600.0,1400.0,30,15,40.0,400.0,3639.0231058619934,100.46499847297862,100.1612514160891,4045.6108904404855
1550.0,1350.0,30,15,40.0,300.0,3665.210925088559,101.90410906273989,101.46478712023293,4046.68997531857
1600.0,1400.0,25,12,30.0,350.0,3665.809720905078,101.66608414579184,101.224290268094,4048.3999823344975
1600.0,1450.0,25,12,30.0,400.0,3665.8222473982682,101.66611210201133,101.22431851417508,4048.4123242336336
1600.0,1450.0,30,12,40.0,400.0,3667.00626891367,101.72258386185139,101.28137602165683,4049.249398341558
1600.0,1450.0,20,10,40.0,300.0,3626.130725219489,104.9551160509854,104.23485389671596,4049.72520631329
1550.0,1450.0,30,12,30.0,350.0,3666.3564706988554,103.36713424683698,102.78874111206603,4051.62664122987
1600.0,1350.0,25,15,25.0,350.0,3645.867366800614,100.41350284446008,100.10915174626292,4053.7258052711654
1550.0,1450.0,20,12,25.0,300.0,3623.3179586446913,105.12771024535532,104.40878990468127,4054.5492406545955
1550.0,1450.0,25,12,25.0,350.0,3671.2266881048845,103.30594869850349,102.72700064037056,4055.359219678727
1600.0,1300.0,30,12,30.0,300.0,3651.60469157398,100.50444685204093,100.20116277976321,4057.2483044406463
1600.0,1400.0,20,10,25.0,300.0,3679.271727570022,103.06758048025345,102.48647548437033,4059.5515408573497
1550.0,1400.0,25,12,25.0,300.0,3675.712180693735,103.29147451058631,102.71239525437448,4059.5844751035443
1600.0,1400.0,30,12,25.0,400.0,3653.797958544963,100.4708319504346,100.16715334391952,4060.2445256406413
1600.0,1450.0,20,12,40.0,350.0,3680.3858166082714,103.0428818994484,102.46155386255403,4060.319143134306
1550.0,1400.0,30,15,35.0,350.0,3682.252515372781,101.84160899880612,101.40163720783336,4063.9341737292702
1550.0,1450.0,20,15,35.0,350.0,3681.6983942387606,103.21480414109537,102.63503040727096,4064.248898696643
1550.0,1400.0,25,15,25.0,350.0,3683.4189536503236,101.80673789639332,101.36640377004672,4065.2412545445786
1600.0,1400.0,20,12,40.0,300.0,3686.288525156576,103.02587280777722,102.44439121919777,4065.9889930822887
1550.0,1450.0,25,12,35.0,300.0,3635.581068558043,105.12566944815008,104.4067332179122,4066.719232087262
1550.0,1400.0,20,15,30.0,300.0,3685.104962264759,103.20013792948866,102.62023144243011,4067.413490874471
1550.0,1400.0,30,10,25.0,300.0,3682.5290002032198,103.39247288888117,102.81430971507628,4068.2880870380895
1550.0,1400.0,30,12,40.0,300.0,3687.9767740777493,103.35067639083051,102.77213394030692,4072.9349668057325
1600.0,1450.0,20,15,40.0,400.0,3694.0453350052576,101.53588876206922,101.09274616190605,4077.6330777990124
1600.0,1350.0,25,12,35.0,300.0,3698.380495692142,101.59503698840213,101.15250682089416,4081.480923180087
1600.0,1400.0,20,15,35.0,350.0,3698.3939653785283,101.52144685712537,101.07815479765696,4082.109331384945
1600.0,1450.0,25,10,40.0,350.0,3705.8875196240815,103.08254557692534,102.50157576483377,4086.3820879816385
1550.0,1450.0,30,10,30.0,300.0,3651.7900745584197,105.20188094500243,104.48353847769323,4086.451435848155
1600.0,1350.0,20,15,30.0,300.0,3702.7715437303013,101.50699874686116,101.06355719336844,4086.6179803376835
1550.0,1450.0,25,10,25.0,300.0,3660.8882708837564,105.07673087556472,104.35741378084683,4089.8136480116787
1550.0,1450.0,25,12,40.0,300.0,3663.6936990383506,105.03424833336668,104.31460088178788,4090.7296584975415
1600.0,1450.0,20,12,25.0,400.0,3709.1438920331216,101.54196399428182,101.0988842755181,4092.6789610503447
1600.0,1450.0,30,10,30.0,400.0,3710.742003571888,101.65415151606553,101.21223392600918,4093.412215832868
1600.0,1400.0,30,10,35.0,350.0,3711.5182736754246,101.6911696964721,101.24963596047522,4093.948005172271
1600.0,1300.0,25,15,25.0,300.0,3684.2299826544086,100.31458258687152,100.00907222516012,4094.6504469567535
1550.0,1450.0,20,12,30.0,300.0,3671.8753048162384,104.95497959313012,104.23471637958542,4095.463938936104
1550.0,1450.0,30,15,35.0,400.0,3717.7039651240857,101.73513966520383,101.29406211995287,4099.876999709819
1550.0,1350.0,25,15,25.0,300.0,3718.239469613257,101.70647185191078,101.26509684564002,4100.57630138023
1550.0,1450.0,20,15,40.0,350.0,3723.845767062894,103.09232833398168,102.5114469089977,4104.482686016837
1550.0,1400.0,20,15,35.0,300.0,3726.4690572218697,103.08055201378198,102.49956419149734,4106.934807361784
1550.0,1450.0,30,12,35.0,350.0,3725.9040697349737,103.20020861207357,102.62030276473666,4108.213756157124
1550.0,1350.0,30,12,25.0,300.0,3727.8535830453006,101.77883199644346,101.33820803154578,4109.802674120859
1550.0,1400.0,30,15,40.0,350.0,3728.0868933875245,101.72083707025983,101.27961110490183,4110.339977640067
1600.0,1300.0,30,12,35.0,300.0,3703.1120231423843,100.38947408920001,100.08484126487039,4111.578149553433
1600.0,1350.0,25,10,25.0,300.0,3729.6222580081094,101.54777001292746,101.10475039395536,4113.107548072288
1600.0,1450.0,20,10,30.0,350.0,3734.5943083603743,102.93935969118776,102.3570977166921,4113.183048425251
1600.0,1400.0,25,15,30.0,400.0,3704.0384363459198,100.27192892509017,99.96591913088551,4115.61280191714
1550.0,1450.0,20,15,25.0,400.0,3733.8043525628314,101.68321068205896,101.24159440002384,4116.283908225917
1550.0,1400.0,25,12,30.0,300.0,3737.0577516721064,103.12184876969889,102.54123414204206,4118.133640648513
1600.0,1400.0,25,12,35.0,350.0,3734.6857091146676,101.50198222922565,101.05848877692553,4118.578448271707
1550.0,1450.0,25,15,30.0,400.0,3737.4093135049625,101.66315030063372,101.22132600423139,4120.019017651791
1550.0,1450.0,30,10,35.0,300.0,3691.2902561732244,105.0824446201768,104.36317197592356,4120.471983327429
1550.0,1450.0,30,10,25.0,350.0,3738.265437474212,103.2036372313064,102.62376241595192,4120.631383557437
1600.0,1350.0,25,12,40.0,300.0,3738.359861251917,101.50673999334688,101.06329576281078,4122.208676153111
1600.0,1450.0,25,10,25.0,400.0,3740.7219269115926,101.51957862337592,101.07626723170586,4124.454050173126
1600.0,1400.0,20,10,30.0,300.0,3748.883459210908,102.89967573514153,102.31705614207266,4127.002872592888
1550.0,1450.0,20,12,35.0,300.0,3709.4018199434768,104.83481277390355,104.11361772938663,4127.958601183811
1600.0,1400.0,25,10,25.0,350.0,3746.2607085597283,101.50535173419483,101.06189314100104,4130.122302018796
1550.0,1400.0,30,10,30.0,300.0,3747.5667793986368,103.224032766798,102.64434258243246,4130.271334811204
1600.0,1400.0,20,15,40.0,350.0,3747.86197436968,101.40097228178682,100.95643457982844,4132.774081246032
1550.0,1450.0,25,12,30.0,350.0,3752.5575346402256,103.07588770564584,102.49485774735251,4132.956111193633
1600.0,1350.0,30,15,25.0,400.0,3682.1565628695957,99.23554934320589,99.06639642402918,4133.217807688408
1600.0,1350.0,30,12,30.0,350.0,3723.328363714002,100.31819586875199,100.01272782701727,4133.652439966816
1600.0,1350.0,20,15,35.0,300.0,3751.2748481430635,101.38936730891602,100.94470972618288,4136.314691305194
1550.0,1450.0,25,10,30.0,300.0,3715.291514064453,104.90552600395966,104.18487906590977,4136.781012325477
1600.0,1450.0,25,12,35.0,400.0,3753.7943439772744,101.45392799429385,101.00993757314265,4138.151352249533
1550.0,1400.0,20,15,40.0,300.0,3759.3170084119392,102.98979964181092,102.40799253121013,4138.539160603911
1600.0,1300.0,30,15,25.0,350.0,3687.3110763531618,99.22138687878397,99.05204850398337,4138.975057659109
1600.0,1300.0,30,10,25.0,300.0,3735.1582130670818,100.34277065700323,100.03759049316855,4144.832372364697
1550.0,1450.0,20,12,25.0,350.0,3766.068705003789,103.02025802817052,102.43872576029108,4145.693335782884
1550.0,1450.0,30,10,40.0,300.0,3724.0353818081694,104.9918299434311,104.2718528783558,4149.2139443772
1600.0,1400.0,30,10,40.0,350.0,3767.764129798353,101.57298334095819,101.13022476775095,4151.0396055727415
1550.0,1400.0,25,15,30.0,350.0,3768.639296525243,101.57739210648367,101.13467918858132,4151.879145947896
1600.0,1350.0,25,15,30.0,350.0,3738.2699576917403,100.18732172447268,99.88032203587773,4152.2208651337305
1550.0,1450.0,20,10,25.0,300.0,3736.225057897144,104.7860340788697,104.06446134147023,4152.806025434083
1550.0,1450.0,30,12,40.0,350.0,3772.667988062931,103.07922386919027,102.49822404852462,4153.114574823538
1550.0,1400.0,30,12,25.0,350.0,3772.426350667631,101.64966546239857,101.20770136807101,4155.127218991737
1550.0,1450.0,20,12,40.0,300.0,3740.3588735905228,104.74364071296228,104.02173998724567,4155.253970715855
1600.0,1300.0,30,12,40.0,300.0,3744.593609993038,100.30222981927017,99.9965747919248,4155.345203284084
1550.0,1400.0,25,12,35.0,300.0,3783.4534873376006,103.0038252722548,102.42214470660218,4162.8591050685945
1550.0,1450.0,30,15,40.0,400.0,3781.057649226,101.57180421437734,101.12903343110102,4164.342706839202
1550.0,1350.0,25,15,30.0,300.0,3783.8748017059565,101.53750058104347,101.09437466342686,4167.4485111549975
1600.0,1300.0,25,15,30.0,300.0,3754.8527415289436,100.14796556117322,99.84050576043542,4169.948856828396
1600.0,1400.0,25,12,40.0,350.0,3788.100474771269,101.38304381101783,100.93832091380872,4173.210842270196
1550.0,1450.0,25,10,35.0,300.0,3758.244612056069,104.78643131695775,104.06486165406056,4174.84151434323
1600.0,1350.0,20,15,40.0,300.0,3789.4711624775805,101.3001027427141,100.85452368357771,4175.56672221614
1550.0,1400.0,30,10,35.0,300.0,3797.89537794432,103.1068612945776,102.52611119925962,4178.746635478301
1600.0,1400.0,20,10,35.0,300.0,3802.229903795528,102.78291790001447,102.1992473944337,4179.116647247731
1600.0,1400.0,20,12,25.0,350.0,3793.392322407824,101.33018159421458,100.88491291243669,4179.117676354191
1550.0,1350.0,30,12,30.0,300.0,3797.1061877340494,101.61170708249783,101.16934960977488,4180.079545049335
1550.0,1450.0,30,12,25.0,400.0,3797.3582075356985,101.57770636706282,101.13499670361453,4180.5955295453505
1600.0,1450.0,20,10,35.0,350.0,3805.6022341429407,102.7744777333617,102.19073133315028,4182.4084427637
1550.0,1300.0,30,15,25.0,300.0,3774.5117638872653,100.35798578044586,100.052983895453,4183.788466641468
1600.0,1450.0,30,10,35.0,400.0,3804.4354149497135,101.44365797807058,100.99956138848799,4188.89651384996
1600.0,1350.0,25,10,30.0,300.0,3806.2222704567407,101.38241560726293,100.93768622173909,4191.339679642534
1550.0,1400.0,25,10,25.0,300.0,3813.882194508813,102.95588345151029,102.37377044817644,4192.673889274745
1600.0,1400.0,30,12,30.0,400.0,3779.3799628627858,100.17689200073805,99.86977035677062,4193.631903593476
1550.0,1450.0,25,12,35.0,350.0,3816.8980075940126,102.90943964950928,102.32690802527367,4195.130525026001
1550.0,1400.0,30,15,25.0,400.0,3785.561791121749,100.32961578476646,100.02428150925645,4195.582627285468
1550.0,1400.0,25,12,40.0,300.0,3821.12909224114,102.91426616530741,102.33177803087969,4199.418090760211
1550.0,1400.0,20,12,25.0,300.0,3821.918302534456,102.86322586414146,102.28027798991302,4199.6291501401865
1550.0,1350.0,30,15,25.0,350.0,3790.579985924113,100.31530153256844,100.00979959124237,4200.981254657462
1550.0,1450.0,25,15,35.0,400.0,3820.8701653256066,101.44845075174922,101.00440370660598,4205.282474234689
1550.0,1450.0,20,10,30.0,300.0,3795.9482885558778,104.61528042074805,103.89238809184393,4205.916339239393
1550.0,1450.0,25,10,40.0,300.0,3793.6030930790002,104.69607583230813,103.97380739870607,4206.641314147611
1550.0,1450.0,30,10,30.0,350.0,3827.6602751569008,102.97560633230005,102.39367119170107,4206.70001773883
1550.0,1450.0,25,10,25.0,350.0,3829.16112082044,102.9128584594852,102.33035764044752,4207.433606973393
1600.0,1450.0,25,12,40.0,400.0,3825.3917323351043,101.29294849825973,100.84729563484221,4211.577510262224
1600.0,1400.0,25,15,35.0,400.0,3794.1264725504216,100.06019724500659,99.7517121484794,4211.867374264806
1600.0,1350.0,30,12,35.0,350.0,3797.337042888364,100.15628234295112,99.84891975500088,4212.189049684028
1550.0,1350.0,25,15,35.0,300.0,3832.086958207506,101.41994979381708,100.97560817292238,4216.794896013753
1550.0,1400.0,30,10,40.0,300.0,3838.8374166071894,103.01796491589663,102.43641195152271,4218.431222119857
1550.0,1400.0,25,15,35.0,350.0,3835.5196254136617,101.41146316250928,100.96703384902156,4220.318142820062
1600.0,1400.0,20,10,40.0,300.0,3845.3912822097323,102.69433521303688,102.10986865935803,4221.490372343934
1600.0,1450.0,20,12,30.0,400.0,3834.704940760978,101.24464938551637,100.79849845081162,4221.5215590315565
1600.0,1350.0,30,10,25.0,350.0,3808.806819487068,100.15960691388638,99.8522831887974,4223.56156089801
1600.0,1300.0,25,15,35.0,300.0,3806.3226650657934,100.03207291111366,99.72325950488067,4224.937598313727
1600.0,1300.0,30,10,30.0,300.0,3814.56762002454,100.17938768959418,99.8722952264408,4228.74736640737
1600.0,1350.0,25,15,35.0,350.0,3810.0184666381106,100.02370602378723,99.71479496857185,4228.895907196196
1550.0,1400.0,20,15,25.0,350.0,3846.3096452687923,101.38490455592819,100.94020087749078,4231.399192871002
1550.0,1450.0,20,12,30.0,350.0,3854.479045511133,102.7907478974873,102.2071478087155,4231.441535102852
1550.0,1350.0,30,12,35.0,300.0,3848.987300695245,101.49542361401362,101.05186231437163,4232.941193016296
1550.0,1450.0,20,15,30.0,400.0,3848.214165757062,101.38211396411113,100.93738146312796,4233.334958413012
1600.0,1400.0,25,10,30.0,350.0,3848.220857729027,101.28117778682939,100.83540351073076,4234.556879933864
1600.0,1400.0,20,15,25.0,400.0,3817.426471643496,100.01457303449544,99.70555540070907,4236.591757018191
1600.0,1450.0,20,10,40.0,350.0,3861.811648514771,102.65502859394421,102.0702091615546,4237.602012953859
1550.0,1450.0,25,12,40.0,350.0,3867.1239011870994,102.78880104013416,102.20518344206887,4244.067464279106
1600.0,1300.0,30,15,30.0,350.0,3783.3246726088373,98.9980795583739,98.82582086340894,4244.925000094725
1600.0,1350.0,20,12,25.0,300.0,3858.7432100567767,101.17569057498112,100.72882909466199,4246.526221866782
1550.0,1450.0,20,10,35.0,300.0,3842.5837079455277,104.49652068660893,103.77271292088211,4248.230885518548
1600.0,1350.0,25,10,35.0,300.0,3864.430517638962,101.2673903738067,100.82147390809311,4250.945389626688
1550.0,1400.0,30,12,30.0,350.0,3867.72850281261,101.42333056743007,100.9790238829999,4252.400682992326
1550.0,1350.0,25,15,40.0,300.0,3870.0961971495567,101.33073477407481,100.88547180164387,4255.814880360257
1600.0,1450.0,25,10,30.0,400.0,3872.063555791099,101.22480963986426,100.77845420905116,4259.150289866463
1550.0,1300.0,30,15,30.0,300.0,3845.416617474175,100.19132703936756,99.88437418930806,4259.252390251055
1550.0,1400.0,25,10,30.0,300.0,3886.159616323233,102.78816554774959,102.20454223442205,4263.097014747525
1550.0,1350.0,30,10,25.0,300.0,3881.6403938490585,101.44818859934747,101.00413884416673,4266.055361792105
1550.0,1400.0,20,12,30.0,300.0,3891.1452749492832,102.6942195596811,102.10975196739805,4267.243419940356
1600.0,1450.0,30,10,40.0,400.0,3881.5619346634344,101.28398236172153,100.83823701250554,4267.861954213599
1600.0,1300.0,25,15,40.0,300.0,3846.725304876363,99.94411619698833,99.63427676183954,4268.156841927814
1600.0,1350.0,30,15,30.0,400.0,3806.714436171137,98.9419996052841,98.76900866170213,4270.937947231971
1550.0,1400.0,25,15,40.0,350.0,3886.5473633339075,101.29120919820961,100.84553839300224,4272.755200319108
1600.0,1350.0,30,12,40.0,350.0,3854.4615374649857,100.03893002270601,99.73019665254644,4272.862181966011
1550.0,1450.0,25,15,40.0,400.0,3888.9131502869163,101.2855567801836,100.83982767028719,4275.193014875018
1550.0,1350.0,30,12,40.0,300.0,3890.8164516121983,101.40718487492221,100.9627113576359,4275.661075936303
1550.0,1450.0,30,10,35.0,350.0,3899.127136883051,102.8106508733432,102.22722981461892,4276.286642351634
1600.0,1400.0,30,10,25.0,400.0,3860.947550991963,100.03251061837791,99.72370232085349,4279.548782752576
1550.0,1450.0,20,10,40.0,300.0,3880.7290363181123,104.40641932208652,103.68191831135901,4283.250416625441
1600.0,1400.0,20,12,30.0,350.0,3895.3164742676645,101.1044387697679,100.65684382555,4284.179202818542
1600.0,1350.0,25,15,40.0,350.0,3864.378640033637,99.90514828319822,99.59485463729678,4287.098303974792
1600.0,1400.0,25,15,40.0,400.0,3866.919199906279,99.89957561678624,99.58921703365635,4289.825095421331
1550.0,1450.0,25,12,25.0,400.0,3905.031244304707,101.29150190451358,100.84583411869485,4291.235365536142
1600.0,1300.0,30,10,35.0,300.0,3874.7258109179593,100.0657338361795,99.7573133845124,4292.296167230508
1600.0,1400.0,30,12,35.0,400.0,3876.9923883433075,99.96784287206862,99.65828010262231,4297.65172636651
1600.0,1350.0,25,10,40.0,300.0,3911.2729953909297,101.18012218173703,100.73330634403456,4298.991578400824
1550.0,1450.0,20,12,35.0,350.0,3923.9636370629105,102.62470629324658,102.03961478680397,4299.532967918258
1550.0,1450.0,25,10,30.0,350.0,3925.0733105947293,102.68547994503068,102.10093387359865,4301.10066144492
1550.0,1350.0,30,15,30.0,350.0,3886.24691520299,100.08944493359834,99.78130138095644,4303.092537891368
1600.0,1400.0,25,12,25.0,400.0,3881.327810379333,99.90549383550544,99.59520421640707,4304.035943044022
1600.0,1450.0,20,10,25.0,400.0,3916.4332550803438,101.09873357839889,100.6510799362701,4305.386005510033
1550.0,1450.0,30,12,30.0,400.0,3922.781862117773,101.28041401536167,100.83463186178176,4309.127711095513
1550.0,1450.0,20,10,25.0,350.0,3936.1055099651985,102.62817317062074,102.0431127650701,4311.699357283335
1550.0,1300.0,30,15,35.0,300.0,3897.2978429699956,100.07534384852855,99.76703561317709,4314.573364223789
1600.0,1400.0,25,10,35.0,350.0,3928.5850132116543,101.11901198015774,100.67156699351476,4317.220193531178
1550.0,1400.0,25,10,35.0,300.0,3941.507308160327,102.67149645989107,102.08682484304464,4317.423965110126
1550.0,1400.0,20,12,35.0,300.0,3943.004942020193,102.57665202315465,101.99112960091443,4318.254534150114
1550.0,1400.0,25,12,25.0,350.0,3933.9339315790053,101.2203577401092,100.77395642946942,4321.082156627684
1600.0,1450.0,20,12,35.0,400.0,3932.491888228986,101.03322400487598,100.58489669812595,4322.516222843963
1550.0,1450.0,20,15,35.0,400.0,3938.0769748002353,101.16794872521325,100.7210075156494,4325.973307205114
1600.0,1300.0,30,15,35.0,350.0,3857.657508250999,98.83648323515112,98.66211578457566,4326.955742116145
1550.0,1350.0,25,12,25.0,300.0,3939.9130769482495,101.2061734494048,100.75962597883162,4327.259367950789
1550.0,1400.0,30,15,30.0,400.0,3909.230052462171,100.03272435728928,99.72391855443256,4327.824594718264
1600.0,1350.0,20,12,30.0,300.0,3937.7198871384426,101.00947237722542,100.56090097228622,4328.149972076765
1550.0,1400.0,30,12,35.0,350.0,3942.1371907317634,101.25957106675224,100.81357397248203,4328.754867528117
1550.0,1400.0,20,15,30.0,350.0,3941.7488157479543,101.15642118339109,100.7093612734835,4329.81568665252
1550.0,1450.0,30,10,40.0,350.0,3955.806755501269,102.69111850079294,102.10662306070218,4331.879638916536
1550.0,1350.0,20,15,25.0,300.0,3945.442182749812,101.14488661534713,100.6977079516158,4333.681857914163
1600.0,1350.0,25,12,25.0,350.0,3912.6797850254875,99.83530440628788,99.52419720634698,4337.770094508422
1600.0,1350.0,30,10,30.0,350.0,3917.7522314006737,99.93842242009548,99.62851660452915,4339.370439839953
1550.0,1400.0,30,10,25.0,350.0,3954.1938651712976,101.26293465464504,100.8169722428513,4340.767197192385
1600.0,1300.0,30,10,40.0,300.0,3923.0453029640794,99.97950608814284,99.67007934774102,4343.328415429604
1600.0,1300.0,25,12,25.0,300.0,3919.127723613969,99.82131045041139,99.51004033091651,4344.702569469783
1550.0,1350.0,30,10,30.0,300.0,3961.6822268520227,101.28294334337103,100.83718727740562,4347.995569493107
1550.0,1400.0,20,10,25.0,300.0,3975.6289806987593,102.52894495522922,101.94299504927153,4350.598202330508
1550.0,1450.0,20,12,40.0,350.0,3977.904142817806,102.50437732052796,101.91820739783176,4352.743385520678
1550.0,1300.0,30,15,40.0,300.0,3938.08603853427,99.98731854730855,99.67798293521044,4358.1183799284745
1550.0,1400.0,20,12,40.0,300.0,3984.809027038436,102.48745863067423,101.90113724075233,4359.564452159546
1550.0,1400.0,25,10,40.0,300.0,3986.247963304428,102.58298122775753,101.99751554281293,4361.537525875828
1600.0,1450.0,25,10,35.0,400.0,3974.7577256457544,101.01521883237982,100.56670647706667,4365.088802776383
1600.0,1400.0,20,12,35.0,350.0,3974.356664507336,100.94113721095276,100.49186396482406,4366.005260003089
1550.0,1450.0,25,10,35.0,350.0,4001.2327911835614,102.52099640197638,101.93497530311562,4376.158888234708
1600.0,1400.0,20,10,25.0,350.0,3985.6853696265634,100.94460125251823,100.49536356810357,4377.270370361086
1600.0,1350.0,20,15,25.0,350.0,3948.2685369419764,99.72109634138249,99.4086603409284,4377.406452649998
1600.0,1350.0,30,15,35.0,400.0,3903.194715177501,98.73321335476636,98.55750027824698,4377.635533344467
1600.0,1400.0,20,15,30.0,400.0,3950.3302573198293,99.71836988440784,99.4059021848748,4379.567396175284
1600.0,1400.0,30,12,40.0,400.0,3955.876735609664,99.80923730893892,99.49782665496537,4381.872172648556
1550.0,1400.0,25,15,25.0,400.0,3959.272624497541,99.90604767622509,99.5957645111999,4381.962279239166
1600.0,1400.0,25,10,40.0,350.0,3991.5648366703613,101.00150083494142,100.5528475235163,4382.133154918275
1550.0,1350.0,30,15,35.0,350.0,3960.6423160251757,99.92600426314056,99.61595368773632,4382.669487090657
1550.0,1400.0,30,12,40.0,350.0,3999.6379584385854,101.14088105551268,100.69366115706765,4387.938148459917
1600.0,1350.0,20,12,35.0,300.0,3996.2388684201396,100.89386046448784,100.44410204770773,4388.774889738144
1600.0,1300.0,30,15,40.0,350.0,3913.904489387973,98.71933937594036,98.54344563765294,4389.049456368212
1550.0,1450.0,30,10,25.0,400.0,4005.392586072856,101.13438784426529,100.68710110713991,4393.791427685182
1550.0,1450.0,20,15,40.0,400.0,4011.054925667942,101.00544381056166,100.55683101153298,4401.554740287855
1600.0,1450.0,20,12,40.0,400.0,4011.550207200493,100.87283518809065,100.42286110463806,4404.492560989432
1550.0,1400.0,20,15,35.0,350.0,4016.165272958146,100.99108810620385,100.54232781904295,4406.915712395762
1550.0,1350.0,25,12,30.0,300.0,4018.7026362123706,101.04000334518564,100.59174572519147,4408.612841004149
1550.0,1450.0,30,12,35.0,400.0,4020.6988870786345,101.06898134099293,100.62102166759442,4410.129669371533
1550.0,1350.0,30,10,35.0,300.0,4022.4151846230525,101.16799428059474,100.72105354015696,4410.310847366015
1550.0,1350.0,20,15,30.0,300.0,4021.3045627527654,100.97672622475815,100.52781841530849,4412.309086468049
1550.0,1450.0,20,10,30.0,350.0,4039.0096980011326,102.40136266881333,101.8142711105456,4413.410532534363
1550.0,1450.0,20,12,25.0,400.0,4027.2128035821684,101.0114315232649,100.56288024966038,4417.609073369549
1600.0,1350.0,20,10,25.0,300.0,4031.0892634577576,100.8469786061168,100.39673938513596,4424.541169488681
1600.0,1400.0,20,12,40.0,350.0,4035.1092964073123,100.8228084774932,100.37232149818828,4429.0473455120045
1550.0,1400.0,25,12,30.0,350.0,4038.91758509294,100.99497859719665,100.54625827740396,4429.59977268108
1550.0,1450.0,25,12,30.0,400.0,4038.9394875628286,100.99500439964352,100.54628434492889,4429.621223313404
1550.0,1400.0,20,10,30.0,300.0,4055.630713975797,102.36188962824879,101.77444531155342,4429.9091809709535
1600.0,1350.0,30,10,35.0,350.0,4003.150186985201,99.77841913948008,99.46664984939225,4430.2299968423395
1550.0,1400.0,30,15,35.0,400.0,4005.47017075602,99.82155490061976,99.51028762680544,4431.036525233173
1600.0,1300.0,25,12,30.0,300.0,4002.199622627588,99.65748363438286,99.34430832210032,4433.684111097401
1600.0,1400.0,30,10,30.0,400.0,4005.6254608160266,99.74210327356424,99.42991154562534,4434.002936658864
1550.0,1450.0,25,10,40.0,350.0,4061.301321016453,102.40180598896387,101.8147183937485,4435.703673387983
1550.0,1300.0,30,12,25.0,300.0,4011.774678311855,99.86441828873352,99.55365012707605,4435.867147346495
1600.0,1350.0,20,12,40.0,300.0,4043.0122170086993,100.80616352075783,100.35550596901062,4437.290572986949
1600.0,1300.0,30,12,25.0,350.0,3963.3271440833214,98.65030420726708,98.4735119373963,4442.022560101205
1550.0,1350.0,30,15,40.0,350.0,4017.110962502385,99.80752365787164,99.49609305826155,4443.1662902458365
1600.0,1450.0,25,10,40.0,400.0,4058.6813611361304,100.85622798872733,100.40608360146636,4451.949742600568
1550.0,1400.0,30,10,30.0,350.0,4063.8029862338,101.03922882689379,100.5909632450768,4453.726192203715
1550.0,1350.0,25,15,25.0,350.0,4027.0275818306686,99.75093088408886,99.43884182425232,4455.087647134948
1600.0,1450.0,20,10,30.0,400.0,4061.3330223519442,100.80504221772004,100.35437317661923,4455.6344652989155
1600.0,1350.0,25,12,30.0,350.0,4023.768022129578,99.61309407521036,99.29940321023787,4456.9290042729945
1600.0,1400.0,25,12,30.0,400.0,4023.7767536417846,99.61312342154686,99.29943289731685,4456.936616841373
1550.0,1350.0,30,10,40.0,300.0,4071.232881947314,101.08078399946405,100.6329457130745,4460.472308230642
1600.0,1350.0,30,15,40.0,400.0,3980.8093566405455,98.57478474591902,98.39701034655295,4463.477762593374
1550.0,1400.0,20,15,40.0,350.0,4072.731992416542,100.87124382950948,100.42125342526408,4465.705393114978
1550.0,1350.0,25,12,35.0,300.0,4077.1966864799674,100.92438420815934,100.47493900044424,4469.1555950389
1550.0,1350.0,20,15,35.0,300.0,4076.744864432012,100.8597099845616,100.40960130128292,4469.9445169991695
1600.0,1350.0,25,15,25.0,400.0,3986.0190319106755,98.5383278675377,98.36007964590165,4470.638693434607
1600.0,1350.0,30,12,25.0,400.0,3995.0742136070653,98.5805075181915,98.40280751415388,4477.438292810901
1600.0,1400.0,20,15,35.0,400.0,4053.057009446718,99.50769063973421,99.19277673098024,4490.327385507248
1550.0,1400.0,20,10,35.0,300.0,4116.32066161748,102.24571238501876,101.65723109223494,4490.3856482827205
1550.0,1450.0,30,12,40.0,400.0,4099.985859605943,100.90856773816212,100.45896021855074,4492.241920059089
1550.0,1450.0,20,10,35.0,350.0,4120.1996218136155,102.23731415450781,101.64875797389041,4494.257662147929
1600.0,1350.0,20,15,30.0,350.0,4057.480187254421,99.49633083921485,99.18128521346446,4495.204249857032
1550.0,1350.0,30,12,25.0,350.0,4067.7036614740096,99.73770232984008,99.42545942163493,4496.239854134791
1600.0,1400.0,20,10,30.0,350.0,4101.4590616658,100.7215457722978,100.27002169379037,4497.537058280641
1600.0,1300.0,25,12,35.0,300.0,4063.564682327249,99.5434946695824,99.22899603103446,4499.4188685682975
1600.0,1300.0,20,15,25.0,300.0,4061.9252443009286,99.48496413178009,99.16978672763521,4500.10537238375
1600.0,1350.0,30,10,40.0,350.0,4069.767562729012,99.66247502594395,99.34935770287521,4501.06554432704
1550.0,1300.0,25,15,25.0,300.0,4072.0789489424906,99.6526735034424,99.33944231120891,4503.7435552046945
1550.0,1350.0,25,10,25.0,300.0,4112.5306606391705,100.87741904560046,100.42749197568341,4505.383814816434
1550.0,1400.0,25,12,35.0,350.0,4120.29343422168,100.8319213807972,100.38152780445486,4514.047077002757
1550.0,1400.0,30,15,40.0,400.0,4083.1644171300995,99.66131826974892,99.34818750734561,4514.505585626216
1550.0,1350.0,20,15,40.0,300.0,4120.257553106274,100.77091003913225,100.3198913507077,4515.2715351435945
1600.0,1350.0,20,10,30.0,300.0,4120.402938436401,100.68271136912603,100.23078994903952,4517.345816848548
1550.0,1350.0,25,12,40.0,300.0,4124.031437612309,100.8366495726432,100.38630446269583,4517.689933730508
1550.0,1400.0,20,12,25.0,350.0,4123.441042433817,100.80077360308334,100.35006082555745,4517.830560596259
1550.0,1450.0,25,10,25.0,400.0,4125.686676408422,100.8494020264189,100.3991876515369,4519.090362953217
1550.0,1300.0,30,12,30.0,300.0,4095.7144554871625,99.70046409959586,99.38778824560163,4525.606242188044
1550.0,1400.0,25,10,25.0,350.0,4132.207284228242,100.83527054407507,100.38491129804787,4525.893493374901
1550.0,1400.0,25,15,30.0,400.0,4095.655087337213,99.61026324535196,99.29653951199099,4528.924071857435
1550.0,1400.0,30,12,25.0,400.0,4098.94770146559,99.66710844679065,99.35404495730802,4530.072915105011
1600.0,1300.0,25,10,25.0,300.0,4099.607237383139,99.49719086428156,99.1821552098769,4537.2968788772305
1550.0,1450.0,25,12,35.0,400.0,4142.846771344709,100.78417277373201,100.33328992799831,4537.581633080249
1550.0,1400.0,20,10,40.0,300.0,4165.104307671786,102.15757030282973,101.56830353057639,4539.153399139304
1550.0,1400.0,30,10,35.0,350.0,4149.82904416475,100.87740203581373,100.42747479143324,4542.682528712852
1550.0,1450.0,30,10,30.0,400.0,4150.590505602782,100.84066972849206,100.39036582970998,4544.168388842351
1600.0,1350.0,25,12,35.0,350.0,4109.316277976219,99.45233610522605,99.13678053630491,4548.817224087325
1600.0,1300.0,25,12,40.0,300.0,4112.507938899852,99.45699691983195,99.14149536116904,4551.819148962958
1600.0,1300.0,25,15,25.0,350.0,4059.1474185574243,98.38529406186507,98.20505901770144,4552.194352883847
1600.0,1400.0,25,10,25.0,400.0,4113.56531188037,99.46957882716319,99.15422308533638,4552.3660941139315
1600.0,1400.0,30,10,35.0,400.0,4117.756032539055,99.53560321072628,99.2210130277881,4553.92056363446
1550.0,1450.0,20,10,40.0,350.0,4183.892432087718,102.11845900872846,101.5288440441204,4557.9748374359215
1600.0,1350.0,25,10,25.0,350.0,4120.549576873054,99.455636949403,99.14011963086236,4559.916113118918
1600.0,1300.0,30,15,25.0,400.0,4074.1897956394655,98.40424248131629,97.32103075754243,4565.168436109292
1550.0,1450.0,20,12,30.0,400.0,4170.01064180039,100.71566935105017,100.2640851330201,4566.217938585567
1600.0,1300.0,30,12,30.0,350.0,4077.926323377578,98.43076807991196,98.2511230617211,4568.429193511154
1550.0,1350.0,25,15,30.0,350.0,4135.610374624823,99.52622306025853,99.21152407516865,4572.145114850072
1600.0,1450.0,20,10,35.0,400.0,4173.676779693842,100.59624441963251,100.1434390688974,4572.633400626615
1600.0,1400.0,25,12,35.0,400.0,4133.295199860372,99.40526107485357,99.08916016931161,4574.732340085422
1550.0,1400.0,25,12,40.0,350.0,4182.826500989935,100.71374036255247,100.26213640425223,4579.076364071245
1600.0,1400.0,20,15,40.0,400.0,4135.5989082423375,99.34783526929395,99.03106955401837,4579.446824007971
1600.0,1350.0,20,15,35.0,350.0,4141.634811659298,99.33369312465359,99.01676376126082,4586.084664153568
1600.0,1350.0,20,10,35.0,300.0,4187.400726597515,100.56849311434416,100.11540429483243,4587.029407164642
1600.0,1400.0,20,10,35.0,350.0,4191.7584763612995,100.56023652734608,100.10706339122791,4591.589524226734
1550.0,1300.0,30,12,35.0,300.0,4157.781932538254,99.58638675735384,99.27238584335034,4591.9670491782745
1600.0,1300.0,20,15,30.0,300.0,4147.699870830762,99.31954490976199,99.00245185701303,4592.755176850113
1550.0,1300.0,25,15,30.0,300.0,4154.902133932711,99.48713069449212,99.17197840665871,4592.995170919154
1600.0,1400.0,20,12,25.0,400.0,4150.09123934528,99.35383690693098,99.03714064933675,4593.684689637664
1550.0,1350.0,20,12,25.0,300.0,4197.682603219512,100.64710303061008,100.19481746597937,4595.4400547656205
1550.0,1400.0,20,15,25.0,400.0,4158.579172873952,99.49215745176816,99.17706344023964,4596.470439558712
1550.0,1350.0,25,10,30.0,300.0,4201.926958595878,100.71311781604403,100.26150748703814,4598.190572094484
1550.0,1400.0,30,10,40.0,350.0,4217.025386210492,100.76013677738207,100.30900776296986,4612.268200597716
1600.0,1350.0,25,12,40.0,350.0,4174.775605437096,99.33582129630257,99.01891655754011,4619.13466772226
1550.0,1350.0,30,12,30.0,350.0,4182.824933890268,99.51566144732465,99.20083997130666,4619.77822706989
1550.0,1450.0,25,12,40.0,400.0,4226.65656335608,100.6242181850642,100.17169868665864,4624.948403383778
1550.0,1350.0,30,15,25.0,400.0,4139.162478455186,98.44197620828464,98.26247666230229,4629.043487145121
1550.0,1300.0,30,10,25.0,300.0,4194.565101916796,99.54004787794962,99.22550925399645,4630.554714295199
1600.0,1350.0,25,15,30.0,400.0,4131.646260947697,98.24659992245259,98.06456719482836,4632.660856536879
1550.0,1300.0,30,15,25.0,350.0,4145.43010203565,98.4279286704952,98.24824680205076,4636.090836705347
1600.0,1300.0,25,10,30.0,300.0,4192.960930054293,99.3352058933965,99.01829403386787,4637.346238544542
1550.0,1400.0,20,12,30.0,350.0,4238.712708158424,100.57620341112415,100.12319333826589,4638.1534111876645
1550.0,1400.0,25,15,35.0,400.0,4200.920018508646,99.39990816140687,99.08374526581994,4642.579608568487
1600.0,1350.0,20,10,40.0,300.0,4240.8950026428465,100.48183715728642,100.02786388854165,4642.702804044049
1600.0,1350.0,30,12,30.0,400.0,4146.268679737893,98.2921457665323,98.11070306962009,4644.632164798744
1550.0,1300.0,30,12,40.0,300.0,4207.322793329037,99.49982206695151,99.18481692003316,4644.907199990011
1550.0,1400.0,25,10,30.0,350.0,4251.289842829178,100.61252405480192,100.15988504534025,4649.858040451153
1600.0,1400.0,30,10,40.0,400.0,4208.80977070297,99.37895690855086,99.0625514244209,4651.344513855953
1600.0,1350.0,20,15,40.0,350.0,4205.118611068588,99.21580770594821,98.89751534056573,4654.712762421238
1550.0,1300.0,25,15,35.0,300.0,4215.028250239054,99.37197524816415,99.05548893951688,4657.856211396538
1600.0,1300.0,20,15,35.0,300.0,4209.8853614333075,99.204441759467,98.88601808651548,4659.987460459059
1550.0,1450.0,20,10,25.0,400.0,4261.218522068068,100.57047646438663,100.11740790037653,4660.798756140709
1550.0,1450.0,30,10,35.0,400.0,4263.384737023607,100.63181612075759,100.17937428178915,4661.498212415912
1550.0,1350.0,25,15,35.0,350.0,4219.319804796948,99.36366154862901,99.04707900407111,4662.497962571671
1600.0,1400.0,20,10,40.0,350.0,4261.893677325407,100.44338547739599,99.98902009724503,4664.7075022966765
1600.0,1300.0,30,12,35.0,350.0,4166.015043601611,98.27192722016677,98.09022256133659,4665.55122310321
1600.0,1450.0,20,10,40.0,400.0,4264.876832627568,100.43788614760481,99.98346470524923,4667.836502132775
1550.0,1350.0,25,10,35.0,300.0,4269.14491420113,100.59882543034423,100.14604644921405,4668.039666328712
1600.0,1400.0,25,12,40.0,400.0,4221.168623841173,99.2475618402486,98.92963642074301,4669.354819418377
1600.0,1300.0,30,10,25.0,350.0,4177.196246429589,98.27518870045019,98.09352629497884,4676.542805934214
1550.0,1450.0,25,10,30.0,400.0,4279.1702145316585,100.55651445838862,100.10330331553087,4679.092851831051
1600.0,1300.0,25,15,30.0,350.0,4174.424534798556,98.16368812710691,97.98058208846135,4680.352094670543
1550.0,1450.0,20,12,35.0,400.0,4280.335264562732,100.50534065980158,100.05160717227947,4681.539967698034
1550.0,1350.0,20,12,30.0,300.0,4286.653508904079,100.48174148077118,100.02776723610198,4688.4637837035825
1550.0,1400.0,30,12,30.0,400.0,4250.3403570034725,99.37545625925681,99.05901024831286,4693.022022340784
1600.0,1350.0,25,10,30.0,350.0,4245.185473273177,99.23603097754061,98.91797229224925,4693.881040809109
1550.0,1300.0,25,15,40.0,300.0,4262.058082088033,99.284578153332,98.9670806732541,4708.623723538806
1600.0,1350.0,20,12,25.0,350.0,4258.883782361938,99.14658912787395,98.82749739042258,4711.603931609792
1600.0,1300.0,25,10,35.0,300.0,4262.7859421394705,99.22252450673751,98.90430974746928,4712.08090631229
1600.0,1300.0,20,15,40.0,300.0,4258.447293716961,99.1170980745977,98.79766597047798,4712.522992950731
1550.0,1350.0,30,12,35.0,350.0,4271.509758695211,99.35500873332447,99.03832603802843,4715.0535927547335
1550.0,1350.0,25,10,40.0,300.0,4322.870531794316,100.51211335389392,100.05844897560482,4723.903114123128
1600.0,1400.0,25,10,30.0,400.0,4274.711527726711,99.1808114262937,98.86211481878571,4725.876405619292
1550.0,1350.0,30,10,25.0,350.0,4283.273740585073,99.35830850884535,99.04166400503614,4726.677979162918
1550.0,1350.0,25,15,40.0,350.0,4282.49977929277,99.24585798147797,98.92791286872935,4730.761105950292
1550.0,1400.0,20,12,35.0,350.0,4327.564091564574,100.41374305658776,99.95907554176253,4731.169860646189
1550.0,1300.0,30,10,30.0,300.0,4289.020522038202,99.3779376019922,99.0615203172261,4731.598024877642
1550.0,1400.0,25,15,40.0,400.0,4285.435941057924,99.24032074131524,98.9223116319121,4733.941756863211
1600.0,1300.0,30,15,30.0,400.0,4224.183269583024,98.06343862851449,97.0289179399098,4738.506668100257
1600.0,1300.0,30,12,40.0,350.0,4233.311474863552,98.15680189337732,97.97360675642034,4739.65212446502
1550.0,1400.0,20,10,25.0,350.0,4339.291147186566,100.41716277258362,99.96253010730109,4742.804824558538
1550.0,1400.0,25,10,35.0,350.0,4344.136582018893,100.45139122132953,99.99710746242249,4746.738969755191
1600.0,1350.0,30,10,25.0,400.0,4240.353112332273,98.15050430938305,97.96722769653206,4747.072217089722
1550.0,1400.0,25,12,25.0,400.0,4300.944251779137,99.2461740752036,98.92823261584249,4749.191636818995
1550.0,1350.0,20,15,25.0,350.0,4305.60169887193,99.20023807885137,98.88176584671405,4755.892194480338
1600.0,1350.0,25,15,35.0,400.0,4243.081927663217,98.03915379266262,97.85443753048847,4756.599524773788
1550.0,1450.0,30,10,40.0,400.0,4355.062264775114,100.47338481748325,100.0193253378017,4757.08914722719
1550.0,1350.0,20,12,35.0,300.0,4352.201713538006,100.36671749968093,99.91157092774978,4757.093137638562
1550.0,1400.0,20,15,30.0,400.0,4307.797550055631,99.1975166617711,98.87901299431293,4758.210164977082
1550.0,1300.0,30,15,30.0,350.0,4260.721694497063,98.20635818609144,98.02380439430814,4764.106820793757
1600.0,1400.0,20,12,30.0,400.0,4310.096198103704,99.06291473100224,98.74285760705926,4766.699328992187
1600.0,1300.0,25,10,40.0,300.0,4318.421351171491,99.13703454629469,98.8178325222089,4771.579124128033
1600.0,1350.0,30,12,35.0,400.0,4261.990555233732,98.08706375223836,97.90296669358504,4772.558224862537
1550.0,1450.0,20,12,40.0,400.0,4369.022535423244,100.34577762315341,99.89041783500664,4774.498008258337
1600.0,1300.0,25,15,35.0,350.0,4262.647506944245,98.00339380002063,97.8182155846763,4778.391333553761
1550.0,1350.0,30,12,40.0,350.0,4339.324285762594,99.23857044074899,98.92054110317177,4787.907487494225
1550.0,1350.0,25,12,25.0,350.0,4337.027857581814,99.17645511829961,98.85770820350648,4788.389653748632
1550.0,1400.0,30,10,25.0,400.0,4345.642343337097,99.23220041434722,98.91409746230741,4794.507603720508
1550.0,1350.0,30,15,30.0,400.0,4288.617115221351,98.15071399219539,97.96744009205192,4795.323608616719
1550.0,1300.0,25,12,25.0,300.0,4344.4384274445965,99.16255497831679,98.8436475610827,4796.430617671226
1550.0,1350.0,20,10,25.0,300.0,4390.361358782966,100.32005873074434,99.86443715081401,4796.563924943294
1600.0,1350.0,25,10,35.0,350.0,4341.880125573096,99.07716955677236,98.75727682482912,4797.813693897997
1600.0,1300.0,20,12,25.0,300.0,4342.114128778497,98.99540610527777,98.6745708477032,4801.933134230908
1550.0,1400.0,20,12,40.0,350.0,4395.49237919603,100.29601672141337,99.8401505042284,4802.384351787964
1550.0,1450.0,25,10,35.0,400.0,4397.8165452556095,100.34825845128582,99.89292392041338,4803.222451518306
1550.0,1300.0,30,10,35.0,300.0,4359.747933144083,99.26516929122185,98.94744740374219,4807.160502074409
1550.0,1350.0,20,12,40.0,300.0,4404.362955857918,100.27946021379903,99.823425575493,4811.7351486421185
1600.0,1300.0,30,10,30.0,350.0,4305.291951551115,98.05820160517582,97.87373148250045,4817.632246612181
1550.0,1400.0,30,12,35.0,400.0,4366.619432986196,99.16803475573134,98.84919060916191,4818.362730742522
1550.0,1400.0,25,10,40.0,350.0,4416.25847944763,100.33462881833174,99.87915553523743,4822.047818005762
1550.0,1450.0,20,10,30.0,400.0,4423.565568718625,100.27830322044511,99.82225681408767,4830.971486510843
1600.0,1350.0,20,12,30.0,350.0,4386.913123891887,98.92570632678725,98.60406837483302,4850.1302280341815
1600.0,1300.0,25,15,40.0,350.0,4328.901139669962,97.88725254456676,97.70057529834223,4852.019200241817
1600.0,1350.0,25,15,40.0,400.0,4331.999919693088,97.88179346157165,97.6950458041079,4855.4700115505075
1600.0,1400.0,25,10,35.0,400.0,4398.472921605265,98.97549133523013,98.65442665797944,4859.254768790985
1550.0,1300.0,30,15,35.0,350.0,4349.2542834203205,98.0460191042228,97.86139155076735,4862.346869049094
1550.0,1350.0,30,10,30.0,350.0,4412.300281335092,99.13884668253034,98.8196655745539,4865.374939712904
1550.0,1300.0,30,10,40.0,300.0,4416.130758151916,99.17961350322891,98.86090306165467,4867.3497549846425
1600.0,1350.0,25,12,25.0,400.0,4345.80498814129,97.88762002245443,97.70094751611674,4868.899369208113
1600.0,1300.0,30,15,35.0,400.0,4338.645673978825,97.80889364832592,96.82116465803684,4871.268178153297
1600.0,1400.0,20,10,25.0,400.0,4408.6950220776,98.9201763237125,98.5984747159923,4872.185118799253
1600.0,1350.0,20,15,25.0,400.0,4347.457017332961,97.85896274286804,97.67192066249305,4872.404625401085
1600.0,1350.0,30,12,40.0,400.0,4354.555755124334,97.93146799312208,97.74536119962167,4874.8404770366
1600.0,1350.0,25,10,40.0,350.0,4416.655344006099,98.9620528592008,98.64083340227609,4878.090564700409
1550.0,1400.0,20,10,30.0,350.0,4468.531674819437,100.19525038492174,99.73835972935893,4878.415307249743
1550.0,1400.0,20,15,35.0,400.0,4422.355989242984,98.9879463137436,98.66702511204238,4882.534905316587
1550.0,1350.0,20,15,30.0,350.0,4427.368053906294,98.97665615449752,98.65560489446564,4888.093406490241
1550.0,1300.0,20,15,25.0,300.0,4432.402131289796,98.96535912097248,98.64417774197955,4893.676330132186
1600.0,1400.0,20,12,35.0,400.0,4432.296254921175,98.85604276974998,98.53360324704553,4898.98871685992
1550.0,1300.0,25,12,30.0,300.0,4439.931925512965,98.99977083165939,98.67898586377349,4899.540767254955
1550.0,1350.0,20,10,30.0,300.0,4489.727015445501,100.15662234147123,99.69933936052853,4900.801224794734
1550.0,1450.0,25,10,40.0,400.0,4493.913226844191,100.19028046137898,99.73333931684728,4903.948681104867
1600.0,1300.0,20,12,30.0,300.0,4440.277238471248,98.8327733985494,98.5100662886092,4908.14815867601
1600.0,1300.0,25,12,25.0,350.0,4384.190564731586,97.81883705167579,97.63127770035587,4911.75555573452
1550.0,1400.0,30,12,40.0,400.0,4459.778371351476,99.01066437529474,98.69000493318569,4918.864036631879
1550.0,1350.0,30,15,35.0,400.0,4403.0885269438795,97.94355183944703,97.75760099779423,4922.604461056614
1550.0,1350.0,25,12,30.0,350.0,4464.661832143004,98.95566352011839,98.63437048223258,4926.40873124211
1550.0,1400.0,25,12,30.0,400.0,4464.680065132679,98.9556907434073,98.63439801901796,4926.425634842496
1600.0,1300.0,30,10,35.0,350.0,4404.481608122708,97.90123464506217,97.71473775998452,4926.700243986399
1600.0,1350.0,30,10,30.0,400.0,4410.079992344944,97.86560792575007,97.6786515331261,4934.596672564179
1550.0,1300.0,30,15,40.0,350.0,4415.937519653218,97.92978686121587,97.74365837304921,4936.329385789182
1550.0,1350.0,25,15,25.0,400.0,4423.6918688585965,97.88823537140833,97.70157080214898,4946.746603060767
1600.0,1350.0,20,12,35.0,350.0,4484.772834395791,98.76592776841225,98.44245240282157,4956.078127245248
1550.0,1450.0,20,10,35.0,400.0,4548.518856022625,100.07057289673841,99.61241672432452,4962.33240375626
1600.0,1350.0,20,10,25.0,350.0,4495.690352948297,98.76934424498423,98.44590812910681,4966.818351358483
1600.0,1400.0,25,10,40.0,400.0,4498.309457218498,98.81974010936155,98.49688315695767,4966.844288839631
1550.0,1350.0,30,10,35.0,350.0,4512.310715493858,98.98008991597496,98.65907820960436,4972.869656621551
1550.0,1300.0,25,12,35.0,300.0,4510.010443663851,98.88650757433984,98.5644185023051,4975.173364970301
1600.0,1300.0,30,15,40.0,400.0,4429.845815439419,97.61582182673916,96.66352401132183,4976.867147640672
1550.0,1350.0,20,10,35.0,300.0,4563.8343229351,100.04297193020815,99.58453590041731,4978.552016729635
1550.0,1400.0,30,10,30.0,400.0,4516.239177770653,98.94405445354936,98.62262773843271,4978.5540796167525
1550.0,1400.0,20,15,40.0,400.0,4514.042207562792,98.82893026721408,98.50617897059229,4982.108608121461
1550.0,1400.0,20,10,35.0,350.0,4568.681807825022,100.03475635853438,99.57623704884543,4983.67101590245
1600.0,1300.0,20,12,35.0,300.0,4512.095439297182,98.71966333625183,98.39565663576275,4985.820283733322
1550.0,1350.0,20,15,35.0,350.0,4520.810093446569,98.81487250993297,98.49195960155737,4989.593588190732
1600.0,1300.0,30,12,25.0,400.0,4443.62082894837,97.62279479838699,96.66921825852609,4990.11433700162
1550.0,1300.0,20,15,30.0,300.0,4527.607124156225,98.80080871000968,98.47773414922564,4997.111240442303
1550.0,1300.0,30,12,25.0,350.0,4472.536487040605,97.86129049622166,97.67427843082538,4997.333062634325
1550.0,1400.0,20,12,25.0,400.0,4529.606818076766,98.8348459834673,98.51216270411572,4997.3724163277775
1600.0,1400.0,20,12,40.0,400.0,4529.808733124217,98.69911454721947,98.37487194937752,5004.619419067297
1600.0,1300.0,30,10,40.0,350.0,4481.0607020623465,97.78749073322746,97.5995274535457,5010.68867272114
1550.0,1300.0,25,10,25.0,300.0,4550.041208200846,98.84049937709393,98.51788110366351,5017.5198750853815
1550.0,1350.0,30,15,40.0,400.0,4494.556806475633,97.78635592799303,97.59837802794301,5024.259762118303
1600.0,1300.0,20,10,25.0,300.0,4552.319093193054,98.67381190941968,98.3492789253008,5028.476266789596
1550.0,1350.0,25,12,35.0,350.0,4562.349118054773,98.79592877209996,98.47279812697232,5032.104032176369
1550.0,1400.0,25,10,25.0,400.0,4565.993864310433,98.8130580915775,98.49012432625914,5034.870147972035
1550.0,1300.0,25,12,40.0,300.0,4565.615007759982,98.80056062254039,98.47748321044315,5035.131864814345
1600.0,1350.0,20,12,40.0,350.0,4559.11538566308,98.65015902707444,98.32535467461622,5036.540679221084
1550.0,1350.0,30,12,25.0,400.0,4509.843264936142,97.79203622883703,97.60413151337498,5039.171091619461
1550.0,1300.0,25,15,25.0,350.0,4506.95646522891,97.73622668415409,97.54760312912653,5039.992789351658
1550.0,1350.0,20,10,40.0,300.0,4622.773600747339,99.95674690343805,99.4974373074851,5040.395566758539
1550.0,1350.0,25,10,25.0,350.0,4573.928556840657,98.79920969299486,98.47611675458252,5043.514809750983
1600.0,1300.0,20,12,40.0,300.0,4568.929187565276,98.63387047925293,98.30887929657545,5047.2330665649715
1550.0,1350.0,30,10,40.0,350.0,4589.608098397013,98.86504927763329,98.54271334686257,5055.846799220448
1600.0,1300.0,20,15,25.0,350.0,4511.847578100073,97.5717709311149,97.38103182577719,5056.107265571318
1600.0,1350.0,20,15,30.0,400.0,4514.188519008089,97.56911213424426,97.37833885914287,5058.633280873368
1600.0,1300.0,25,12,30.0,350.0,4517.447021645562,97.60115098131153,97.41078952594445,5059.669289361574
1600.0,1350.0,25,12,30.0,400.0,4517.451688425091,97.60118165071498,97.41082058963794,5059.671836664391
1550.0,1400.0,25,12,35.0,400.0,4589.667275585496,98.74915308612692,98.42548503163387,5061.845829619951
1550.0,1400.0,20,10,40.0,350.0,4646.061470927616,99.9184862597087,99.45878937808,5065.010842570732
1600.0,1400.0,20,10,30.0,400.0,4587.354427041508,98.63281557073576,98.30781228955563,5065.715355496077
1550.0,1350.0,20,15,40.0,350.0,4591.149714963778,98.69760372324086,98.37334378377228,5066.040507307119
1550.0,1450.0,20,10,40.0,400.0,4649.369850553386,99.91301424952339,99.45326199576068,5068.511010835417
1550.0,1300.0,20,15,35.0,300.0,4596.492495033262,98.68630741703298,98.36191782620651,5071.983413834601
1600.0,1350.0,30,10,35.0,400.0,4539.91874172415,97.66302646403493,97.47346077127725,5077.896174720437
1600.0,1300.0,25,15,25.0,400.0,4516.839614235764,97.38498516783157,96.48895638916319,5081.463362839329
1550.0,1350.0,25,12,40.0,350.0,4636.66575134726,98.68015579181207,98.35569560462429,5112.484354384175
1550.0,1400.0,30,10,35.0,400.0,4646.989479484378,98.73916294689128,98.415380156277,5119.690279345671
1600.0,1350.0,20,10,30.0,350.0,4637.053148753398,98.5511069489779,98.22516706418936,5119.8879188567425
1550.0,1350.0,20,12,25.0,350.0,4649.95304744223,98.62869839103422,98.30364789242341,5128.536806298315
1550.0,1300.0,20,15,40.0,300.0,4650.191116243422,98.59941826569211,98.27403204251232,5130.36753577504
1550.0,1300.0,25,10,30.0,300.0,4655.8281956305145,98.67954593014927,98.35507874445912,5131.679318287413
1550.0,1350.0,25,15,30.0,400.0,4589.600237777667,97.59842022841941,97.40802366668149,5132.0112816852015
1600.0,1300.0,20,10,30.0,300.0,4660.443682324276,98.51310407355655,98.18672890448659,5145.396273315457
1550.0,1300.0,30,12,30.0,350.0,4606.693177284276,97.6434631174023,97.45364576491188,5146.005961158111
1550.0,1300.0,30,15,25.0,400.0,4599.545328197498,97.43691393921132,96.5313836779433,5160.115225298042
1550.0,1400.0,25,12,40.0,400.0,4689.400238767039,98.59245768797078,98.26699167354481,5169.957324464734
1600.0,1300.0,25,12,35.0,350.0,4618.958134385679,97.44366951365157,97.25128529129158,5172.265789857561
1600.0,1350.0,25,10,25.0,400.0,4621.4949991301055,97.46056559919225,97.2683982222962,5173.593940123998
1600.0,1300.0,25,10,25.0,350.0,4629.864281796614,97.44690308185042,97.25456035604215,5182.940253564182
1550.0,1300.0,25,15,30.0,350.0,4637.9157933964325,97.51606398917231,97.32460917986164,5186.077246667386
1550.0,1400.0,20,12,30.0,400.0,4706.251554018969,98.54544256833547,98.21943779044472,5189.400497398362
1600.0,1350.0,30,10,40.0,400.0,4644.348204492409,97.5093526799699,97.31781167703815,5192.983140204188
1600.0,1300.0,30,12,30.0,400.0,4619.414482200709,97.27154814225743,96.38229965410598,5193.2228708865905
1550.0,1350.0,25,10,30.0,350.0,4715.195311359034,98.58100183232128,98.25540451129989,5196.380622018783
1600.0,1350.0,20,15,35.0,400.0,4640.9161039925875,97.3629540824125,97.16953453689841,5200.0622386747555
1600.0,1350.0,25,12,35.0,400.0,4647.599930458073,97.39755393837642,97.20457808106183,5204.230303977145
1600.0,1300.0,20,15,30.0,350.0,4646.645122054667,97.35182828781896,97.15826610938649,5206.604363497809
1600.0,1400.0,20,10,35.0,400.0,4723.577673055046,98.42853058085763,98.10118746620232,5213.327738748329
1550.0,1300.0,25,10,35.0,300.0,4734.410914550074,98.56758232489088,98.24183121434857,5216.33485127064
1550.0,1300.0,20,12,25.0,300.0,4741.763151584383,98.47831808986766,98.15154466778344,5228.674900123764
1600.0,1300.0,20,10,35.0,300.0,4740.472170989443,98.40137065136005,98.07371691261372,5231.787595189288
1550.0,1400.0,25,10,30.0,400.0,4748.635736273242,98.52613346024752,98.19990750577264,5232.859578510278
1550.0,1400.0,30,10,40.0,400.0,4752.230256635504,98.58373715277747,98.25817118215642,5233.2653715634015
1550.0,1350.0,30,12,30.0,400.0,4686.177139885388,97.50591845850994,97.31433335231029,5235.054643833389
1600.0,1350.0,20,10,35.0,350.0,4745.770516441087,98.39329368646492,98.06554759348994,5237.553771551283
1600.0,1300.0,25,12,40.0,350.0,4695.948927611991,97.32952943266523,97.13568143773077,5257.543914604286
1550.0,1300.0,30,12,35.0,350.0,4709.08872543759,97.48585894160097,97.29401626016892,5259.386929769492
1550.0,1300.0,30,10,25.0,350.0,4720.571614609478,97.48909610114708,97.29729498259128,5270.640105441616
1550.0,1350.0,25,15,35.0,400.0,4715.747591363385,97.3923225932644,97.19927964086564,5272.757084015512
1600.0,1300.0,25,15,30.0,400.0,4691.377756214753,97.09985489435749,96.1990526450782,5279.8300306319525
1550.0,1350.0,20,12,30.0,350.0,4790.877019854892,98.40896275166342,98.08139583177531,5281.75366543513
1550.0,1300.0,25,10,40.0,300.0,4796.738550705035,98.48263704719521,98.15591306178042,5283.405983286104
1550.0,1300.0,25,15,35.0,350.0,4737.740693729593,97.35680226553137,97.16330385132727,5297.336172303429
1600.0,1300.0,20,10,40.0,300.0,4803.82917968152,98.31659988853404,97.98797733351284,5300.107574048679
1550.0,1400.0,20,10,25.0,400.0,4814.038694990993,98.40341118831596,98.07578078313863,5305.236095997104
1550.0,1350.0,20,15,25.0,400.0,4748.57399578152,97.34791428444522,97.1543019327741,5308.819764456931
1600.0,1350.0,20,15,40.0,400.0,4741.640550962845,97.20653152563999,97.0111083262622,5312.403846622514
1600.0,1300.0,30,10,25.0,400.0,4725.51966413552,97.09910086953688,96.24137141186108,5313.281776050672
1550.0,1350.0,25,10,35.0,350.0,4824.017951963298,98.42315214839049,98.09574751282955,5314.077049398613
1600.0,1350.0,25,12,40.0,400.0,4751.0556393230845,97.24306880656657,97.04811329676532,5319.069673686782
1600.0,1300.0,20,15,35.0,350.0,4749.290546323428,97.1926829847052,96.9970825711417,5321.101570200166
1600.0,1350.0,20,12,25.0,400.0,4755.545001117365,97.21245990943868,97.01711258190427,5325.860733697925
1600.0,1350.0,20,10,40.0,350.0,4829.19773329479,98.27898471750278,97.94993260853327,5327.715801666509
1600.0,1400.0,20,10,40.0,400.0,4832.805539168464,98.27360502433007,97.94449149782463,5331.645806338707
1550.0,1400.0,20,12,35.0,400.0,4840.5655499849,98.33964346659782,98.0112841646813,5335.483264246073
1600.0,1300.0,25,10,30.0,350.0,4776.209551029572,97.23177295517704,97.0366728334742,5345.071221032935
1550.0,1300.0,30,12,40.0,350.0,4786.808058262399,97.37163015116872,97.17832184577847,5345.3215205076995
1550.0,1300.0,20,12,30.0,300.0,4849.587607756587,98.31652338687108,97.98789995801357,5345.87053379773
1600.0,1300.0,30,12,35.0,400.0,4752.527859616841,97.02188025200822,96.17825123125039,5346.654404897303
1550.0,1350.0,30,10,25.0,400.0,4793.667193588969,97.36538100008329,97.17199257014371,5352.636229986464
1550.0,1300.0,30,15,30.0,400.0,4773.765902063357,97.09935611619319,96.24158003672493,5361.507095914474
1550.0,1300.0,25,15,40.0,350.0,4812.554832632071,97.2413996742754,97.04642279469289,5380.693986915508
1550.0,1350.0,30,12,35.0,400.0,4820.0900359192065,97.30243292223312,97.10823771595194,5383.683617307678
1550.0,1400.0,25,10,35.0,400.0,4887.891569966071,98.3221207282171,97.99356123696782,5383.843181808472
1600.0,1350.0,25,10,30.0,400.0,4811.176472817007,97.17767883418813,96.98188645073394,5384.126183874259
1550.0,1350.0,25,15,40.0,400.0,4816.0370404280075,97.23597528900413,97.04092896426259,5384.583126112718
1550.0,1350.0,20,12,35.0,350.0,4898.221236345197,98.25000708722582,97.92062420379487,5398.480388193848
1550.0,1350.0,25,12,25.0,400.0,4830.955352034134,97.24173809944934,97.04676555266668,5399.0691339369
1550.0,1350.0,25,10,40.0,350.0,4907.678808491321,98.30876880023989,97.98005679946047,5404.421581605328
1600.0,1300.0,20,15,40.0,350.0,4826.1600777973745,97.07733157103678,96.88025615969553,5406.819672994212
1550.0,1350.0,20,10,25.0,350.0,4909.54541290612,98.25338005784863,97.92403566994513,5409.601201346588
1600.0,1300.0,25,15,35.0,400.0,4823.25759874568,96.88101596871837,95.99292340635125,5430.569948036764
1550.0,1300.0,20,12,35.0,300.0,4928.204388122754,98.20398841774778,97.87408049237554,5431.256598140911
1550.0,1300.0,30,10,30.0,350.0,4868.24533932893,97.2737987075888,97.0792367044362,5433.963946211405
1550.0,1300.0,25,12,25.0,350.0,4873.918651316845,97.17341609293666,96.97756917614491,5447.192537791237
1550.0,1400.0,20,12,40.0,400.0,4947.386467641531,98.1835230472807,97.85338172560164,5451.691875838622
1600.0,1300.0,30,12,40.0,400.0,4858.230696024046,96.83253367456116,96.0234436763944,5468.266961131971
1600.0,1300.0,25,10,35.0,350.0,4888.537628958755,97.07614927607688,96.8790587569825,5469.289041032362
1600.0,1300.0,20,12,25.0,350.0,4887.778737054179,97.0096505225906,96.81171059547326,5473.73113059785
1550.0,1300.0,20,10,25.0,300.0,4971.644701133749,98.1583551227135,97.82792685890671,5477.500614873929
1550.0,1350.0,20,12,40.0,350.0,4979.503589986099,98.13482759330945,97.80413117373004,5486.818273641485
1550.0,1300.0,20,12,40.0,300.0,4990.251697023955,98.11862558370166,97.78774454842478,5498.576186911469
1550.0,1350.0,30,12,40.0,400.0,4926.569941376591,97.14804870905455,96.95187732265299,5501.779110110815
1550.0,1400.0,25,10,40.0,400.0,4999.554863229494,98.16736153380563,97.83703594235335,5504.8547397869615
1550.0,1300.0,20,15,25.0,350.0,4928.559007401431,97.06224614258312,96.86497798028742,5510.391845151789
1550.0,1350.0,20,15,30.0,400.0,4931.029659377545,97.05959222864468,96.86229016001282,5513.069284456734
1550.0,1300.0,30,15,35.0,400.0,4905.744945582606,96.84723630401491,96.03546618503944,5514.530362501543
1550.0,1400.0,20,10,30.0,400.0,5009.558756774177,98.11753553609134,97.78664208152233,5517.951338341466
1600.0,1300.0,30,10,30.0,400.0,4919.300901991901,96.75240757460635,95.95791828342726,5536.199805750312
1600.0,1350.0,20,12,30.0,400.0,4948.440350075192,96.92779394196202,96.72880934085768,5540.893900925576
1600.0,1350.0,25,10,35.0,400.0,4955.105232508673,96.97654332652554,96.77818075696604,5543.673884020269
1600.0,1300.0,25,15,40.0,400.0,4927.615352803382,96.70511192840245,95.83657634759834,5550.388897332144
1550.0,1300.0,30,10,35.0,350.0,4981.684546187038,97.11805440806705,96.92149949343118,5559.195525177862
1600.0,1300.0,25,10,40.0,350.0,4974.604166981768,96.96337873449107,96.76484815270778,5564.2181017958865
1600.0,1300.0,25,12,25.0,400.0,4940.836511061618,96.67184451393823,95.84239366470553,5565.793195737624
1550.0,1350.0,30,10,30.0,400.0,4988.654079901884,97.08270272603944,96.88569595169848,5568.89683888563
1550.0,1350.0,20,10,30.0,350.0,5063.930407675227,98.03626094039309,97.70444198743047,5577.454419040469
1550.0,1300.0,20,10,30.0,300.0,5089.494726634684,97.99845996642844,97.66621089289396,5605.442003971577
1550.0,1300.0,25,12,30.0,350.0,5023.236442842095,96.95711961376004,96.75850915942223,5613.348350069771
1550.0,1350.0,25,12,30.0,400.0,5023.250734751679,96.9571481904884,96.75853810080459,5613.360366977921
1550.0,1300.0,30,15,40.0,400.0,5010.4396610271115,96.65600440925117,95.87906983802296,5635.6978827626335
1600.0,1300.0,20,12,30.0,350.0,5040.7350094963995,96.79352403813603,96.59282801371529,5644.0890513462255
1550.0,1300.0,25,15,25.0,400.0,5018.653497123727,96.59503540581916,95.84307736834033,5648.949182203929
1550.0,1300.0,30,12,25.0,400.0,5025.249058270558,96.66291343036711,95.88472118467705,5649.904456641645
1550.0,1300.0,30,10,40.0,350.0,5068.681188156726,97.00519668261228,96.80719988881368,5654.984500750807
1600.0,1350.0,20,10,25.0,400.0,5063.14038298247,96.78816435948532,96.58740007564896,5666.935643336528
1550.0,1350.0,20,15,35.0,400.0,5069.1691403422665,96.85451906373535,96.65460015735749,5667.534957862346
1600.0,1350.0,25,10,40.0,400.0,5070.173923372903,96.82396638191315,96.62365814424943,5671.030781837806
1550.0,1300.0,20,15,30.0,350.0,5075.463739182707,96.84346145363462,96.64340162461214,5674.729355370819
1550.0,1400.0,20,10,35.0,400.0,5157.9762561479765,97.91429474070628,97.58108874265221,5679.402553408927
1600.0,1300.0,20,15,25.0,400.0,5037.09368614145,96.39506662609246,95.67943905978278,5685.2068928037725
1550.0,1300.0,20,10,35.0,300.0,5176.406703668579,97.88728191671618,97.55376901461293,5699.615929641362
1600.0,1350.0,20,12,35.0,400.0,5093.950868451794,96.72537820069644,96.52381460866519,5702.9496822563915
1600.0,1300.0,30,10,35.0,400.0,5066.143212707691,96.50601898942745,95.75637016466757,5704.6298218070615
1550.0,1350.0,20,10,35.0,350.0,5182.178463792241,97.87924506636053,97.54564087494188,5705.920438484155
1550.0,1350.0,30,10,35.0,400.0,5136.6457357961635,96.88169903942764,96.6821266031157,5732.808291477422
1550.0,1300.0,25,12,35.0,350.0,5136.537241241213,96.80064032678999,96.6000349401183,5739.30618108306
1550.0,1350.0,25,10,25.0,400.0,5138.5072811751415,96.8174253088894,96.6170337367574,5739.899428792949
1550.0,1300.0,25,10,25.0,350.0,5147.796586995173,96.80385438160108,96.60328993372985,5750.301537602794
1600.0,1300.0,20,12,35.0,350.0,5156.562605096118,96.63719314734776,96.43450789699709,5772.978505817626
1550.0,1300.0,20,10,40.0,300.0,5245.03747491334,97.80293262014553,97.46846208135076,5773.890444245755
1550.0,1350.0,25,12,35.0,400.0,5168.416164247032,96.75481794027029,96.55362906178773,5774.9670854305095
1600.0,1300.0,20,10,25.0,350.0,5167.080868512479,96.64056249325095,96.43792007750685,5783.211049818714
1550.0,1350.0,20,15,40.0,400.0,5178.719428225168,96.69891764590415,96.49701737028862,5789.930476649757
1600.0,1300.0,25,12,30.0,400.0,5140.438157649724,96.35143574835706,95.55780441193889,5794.646938042773
1550.0,1300.0,20,15,35.0,350.0,5187.0726709704395,96.68515171684459,96.48307632517184,5799.439134395962
1550.0,1350.0,20,10,40.0,350.0,5272.619332535672,97.76550428974925,97.43060915416272,5804.013688202357
1550.0,1350.0,20,12,25.0,400.0,5193.708643648422,96.70476167861476,96.50293575336025,5804.430119476887
1550.0,1400.0,20,10,40.0,400.0,5276.541512655723,97.76015131619106,97.42519547193501,5808.301198970994
1600.0,1350.0,20,12,40.0,400.0,5209.0818313863165,96.57183656472395,96.36832076972655,5831.076566482953
1550.0,1300.0,25,12,40.0,350.0,5222.132656477507,96.68722681987057,96.48517782372218,5834.324752611507
1600.0,1300.0,30,10,40.0,400.0,5183.41534772698,96.31918899094237,95.60348418898008,5838.759605725676
1550.0,1350.0,30,10,40.0,400.0,5254.909066999132,96.72922240834427,96.52770773863539,5863.587435595609
1600.0,1300.0,20,12,40.0,350.0,5243.87763221206,96.5239295025859,96.31980531541245,5870.005946672496
1550.0,1300.0,25,15,30.0,400.0,5212.836850242046,96.30671287101157,95.55510135360862,5870.286423555274
1550.0,1300.0,30,12,30.0,400.0,5225.530734162863,96.31501455057158,95.60006761190326,5881.2564637980395
1550.0,1300.0,20,15,40.0,350.0,5270.5633544002585,96.57040356216868,96.36686956388027,5892.681190770247
1600.0,1350.0,20,10,30.0,400.0,5274.030763621361,96.50699896104663,96.30265984784852,5901.628849936729
1550.0,1350.0,25,12,40.0,400.0,5283.38978658332,96.60131600262415,96.39817475018252,5902.859536250194
1600.0,1300.0,20,15,30.0,400.0,5236.121292657782,96.10576470168242,95.39180665480252,5912.245395662525
1600.0,1300.0,25,10,25.0,400.0,5258.124891370651,96.17825884061959,95.4181164807261,5928.334927481388
1550.0,1300.0,25,10,30.0,350.0,5310.2968184037945,96.59009361619817,96.3868097656193,5930.72612241518
1550.0,1300.0,20,12,25.0,350.0,5337.084400123651,96.5030287051143,96.29863919741557,5965.027828224032
1600.0,1300.0,25,12,35.0,400.0,5290.332560674522,96.10644881917268,95.35551559569468,5967.411927154846
1600.0,1300.0,20,10,30.0,350.0,5332.871420046203,96.42704022307313,96.22168664761922,5967.4740280380365
1550.0,1350.0,25,10,30.0,400.0,5349.058735475975,96.53634345295544,96.3323768828605,5974.112341428623
1550.0,1300.0,30,10,25.0,400.0,5344.722492625682,96.14421310063948,95.46025366702634,6016.236975768779
1550.0,1350.0,20,12,30.0,400.0,5402.667011753945,96.42158151997783,96.21615872311554,6037.751612410185
1550.0,1300.0,25,15,35.0,400.0,5358.977917500059,96.08411716377265,95.3503311705128,6037.806786114112
1550.0,1300.0,30,12,35.0,400.0,5376.373581175826,96.0677270562834,95.3976305818714,6055.072613503072
1550.0,1300.0,25,10,35.0,350.0,5434.409588459048,96.43546086956438,96.230214084457,6068.269622785002
1600.0,1350.0,20,10,35.0,400.0,5433.0479403306745,96.30713010338228,96.10025698502247,6078.350247423368
1600.0,1300.0,20,15,35.0,400.0,5385.763291251712,95.88204508751627,95.18723656547091,6083.922598095446
1600.0,1300.0,25,12,40.0,400.0,5408.701739178342,95.91560986479743,95.20205166432156,6103.980893660964
1600.0,1300.0,20,10,35.0,350.0,5459.1666758565925,96.27264784535771,96.06533815493896,6107.589266446484
1550.0,1300.0,20,12,30.0,350.0,5502.4977625941165,96.28802445978437,96.08090942716103,6149.526535759017
1550.0,1350.0,25,10,35.0,400.0,5508.038801848328,96.33648842118788,96.12998714240878,6150.699766369091
1550.0,1300.0,25,15,40.0,400.0,5474.36655255702,95.90684883226189,95.19500511990563,6170.491544519095
1550.0,1300.0,25,10,40.0,350.0,5529.113503111392,96.32340859771818,96.11674163966401,6172.949512461348
1550.0,1350.0,20,10,25.0,400.0,5526.273985554501,96.28264341777073,96.0754602606701,6173.790086308495
1600.0,1300.0,25,10,30.0,400.0,5475.117890963054,95.83485410715693,95.13709497786532,6178.227972303471
1550.0,1300.0,25,12,25.0,400.0,5488.714096457823,95.87934146801442,95.20075837188357,6186.666620074656
1550.0,1300.0,30,12,40.0,400.0,5495.641895657586,95.8801861695268,95.2440458576876,6192.25639297961
1550.0,1300.0,20,15,25.0,400.0,5495.439201702617,95.77598433742459,95.17247168055235,6201.775848838214
1550.0,1350.0,20,12,35.0,400.0,5559.882086928955,96.22021532140258,96.01224213660042,6213.08641943198
1600.0,1300.0,20,10,40.0,350.0,5555.276495611708,96.16082614518514,95.9521019333049,6213.951135354816
1600.0,1350.0,20,10,40.0,400.0,5559.480297932041,96.15556350904724,95.94677277217093,6218.642449788891
1600.0,1300.0,20,15,40.0,400.0,5503.847449929343,95.70425491275672,95.03202529256708,6219.784825652282
1600.0,1300.0,20,12,25.0,400.0,5517.182031709274,95.67845003030247,95.03796290720462,6234.826950284489
1550.0,1300.0,30,10,30.0,400.0,5563.124332246152,95.80082573635524,95.17903931136124,6267.448048023146
1550.0,1300.0,20,12,35.0,350.0,5627.4942414938905,96.1324985475014,95.92341629547518,6288.7983760185825
1550.0,1350.0,25,10,40.0,400.0,5634.5990037518695,96.18488310930165,95.97646305454096,6291.050840211392
1550.0,1300.0,20,10,25.0,350.0,5638.427205944341,96.13582519253872,95.92678498062772,6299.421868426116
1550.0,1350.0,20,12,40.0,400.0,5684.011834135795,96.06746389948842,95.85756011329036,6351.402267636242
1600.0,1300.0,25,10,35.0,400.0,5638.346520779704,95.58653631288254,94.93729609740267,6366.018790162136
1550.0,1300.0,20,12,40.0,350.0,5721.521212399815,96.01981128376356,95.80930594137014,6393.415007800623
1550.0,1350.0,20,10,30.0,400.0,5753.458286788995,96.00293081555459,95.79221245976481,6426.956232635095
1550.0,1300.0,25,12,30.0,400.0,5708.346499864313,95.55873887427911,94.91803205562077,6438.710627903205
1550.0,1300.0,20,15,30.0,400.0,5709.620617310568,95.4842502329112,94.88637722995897,6446.563545217318
1550.0,1300.0,30,10,35.0,400.0,5727.666559999912,95.55678736473749,94.9790836056599,6456.17401186668
1600.0,1300.0,20,12,30.0,400.0,5741.473425045517,95.35756626198672,94.75551894366998,6492.351017188071
1550.0,1300.0,20,10,30.0,350.0,5816.81039052612,95.92339672494168,95.71167531137084,6497.9289597190345
1600.0,1300.0,25,10,40.0,400.0,5767.991114810482,95.39825049591775,94.78573698688739,6514.773454251141
1550.0,1300.0,25,10,25.0,400.0,5836.944393048158,95.38693090105636,94.77924435898947,6584.797711929133
1550.0,1300.0,30,10,40.0,400.0,5858.429863914473,95.37173987110697,94.82740585645155,6605.75575729166
1550.0,1350.0,20,10,35.0,400.0,5924.268521426851,95.80408337554579,95.59085900817442,6617.012565527255
1550.0,1300.0,25,12,35.0,400.0,5872.8208766561,95.312942144092,94.7170509405858,6628.399635933724
1550.0,1300.0,20,15,35.0,400.0,5870.268960585657,95.25765707497037,94.68289867945123,6631.220857480293
1600.0,1300.0,20,10,25.0,400.0,5871.534943787487,95.18618322843294,94.6170225622004,6640.267847547676
1550.0,1300.0,20,10,35.0,350.0,5952.327163965493,95.76978429202059,95.55612826673264,6648.45613209056
1600.0,1300.0,20,12,35.0,400.0,5909.233824790835,95.11135379044299,94.55469783139466,6685.9412930112885
1550.0,1300.0,20,10,40.0,350.0,6055.227666229861,95.65851830305147,95.44346320451146,6762.46930454157
1550.0,1350.0,20,10,40.0,400.0,6059.735361335397,95.65328179959255,95.4381609026207,6767.5049663850505
1550.0,1300.0,20,15,40.0,400.0,5996.871262718506,95.07884891476266,94.5285135753807,6777.030655867078
1550.0,1300.0,25,12,40.0,400.0,6002.377215750638,95.1236193879238,94.56457794544193,6777.785364589631
1550.0,1300.0,20,12,25.0,400.0,6011.302636983593,95.05848156525802,94.53436678257152,6792.7880926668095
1600.0,1300.0,20,12,40.0,400.0,6041.17953501316,94.9222910795368,94.40237595471405,6838.140256755333
1550.0,1300.0,25,10,30.0,400.0,6074.201605725722,95.04350679385246,94.50004194409455,6858.1284328685415
1600.0,1300.0,20,10,30.0,400.0,6113.186021441827,94.84251303769432,94.3380848457001,6918.820013125841
1550.0,1300.0,25,10,35.0,400.0,6252.0525219786505,94.797162426344,94.30153357484895,7062.650557071995
1550.0,1300.0,20,12,30.0,400.0,6251.09984537858,94.73650026247981,94.2534177603689,7068.343924660197
1600.0,1300.0,20,10,35.0,400.0,6293.953134214008,94.59656304671981,94.1398183742863,7126.801205940879
1550.0,1300.0,25,10,40.0,400.0,6392.864062643937,94.61037336194819,94.15095368441474,7224.165022748442
1550.0,1300.0,20,10,25.0,400.0,6389.7964586441285,94.56617687085082,94.11561741132937,7226.043678455742
1550.0,1300.0,20,12,35.0,400.0,6430.169276700512,94.48971031210283,94.0536526648578,7275.064123607499
1600.0,1300.0,20,10,40.0,400.0,6436.798265385809,94.41031770362007,93.98948062043561,7290.737893828785
1550.0,1300.0,20,12,40.0,400.0,6570.814597251009,94.3024059227461,93.90212590834439,7437.173640608503
1550.0,1300.0,20,10,30.0,400.0,6647.193918518148,94.22337805394588,93.83814146128086,7522.736321168676
1550.0,1300.0,20,10,35.0,400.0,6839.366486814279,93.97984078763275,93.64090277876404,7743.67791297789
1550.0,1300.0,20,10,40.0,400.0,6990.953465849238,93.79523916589356,93.49133488186008,7917.54402200784
