l1,l2,l3,t1,t2,sse,peak,mid_mean,late_mean,jump_pct,loss
1600.0,1500.0,1150.0,25,60,2403.67549738246,107.1498443357576,106.62555085199669,102.81910523246185,4.520652702501038,3096.656752093833
1600.0,1500.0,1150.0,30,60,2489.5847471165184,107.52763989500208,106.99739566923218,103.14662318701,4.520652702501038,3164.704726883433
1600.0,1500.0,1150.0,25,65,2475.9478305907596,107.70120174197382,107.39808619322253,104.14425769842646,4.520652702501038,3232.0690198741067
1600.0,1500.0,1150.0,35,60,2592.4594032330583,107.9145380374107,107.37818573361604,103.48192285844777,4.520652702501038,3255.2716548839603
1650.0,1500.0,1150.0,25,60,2613.063520912478,108.02977250021428,107.49159823289862,103.58176779089271,4.602271547657,3272.7013766077716
1600.0,1500.0,1200.0,25,60,2475.5839447293347,107.1498443357576,106.74400358533845,103.8333418317559,4.520652702501038,3274.1911579934194
1600.0,1550.0,1150.0,25,60,2650.6341323082233,108.56149091755583,108.01489356117364,104.04234891971902,4.520652702501038,3306.3872722232873
1600.0,1500.0,1150.0,30,65,2582.021269768989,108.07354406167588,107.77261753301386,104.47603416740156,4.520652702501038,3336.3902798390354
1600.0,1500.0,1200.0,30,60,2571.3148794569192,107.52763989500208,107.11626014956155,104.16410679754179,4.520652702501038,3359.8020251660323
1600.0,1550.0,1150.0,30,60,2709.4527848692983,108.75268720514306,108.20305459607712,104.20791487387031,4.520652702501038,3366.357931623267
1600.0,1550.0,1150.0,35,60,2774.0126880521943,108.94813878135749,108.39539984368437,104.37713807696784,4.520652702501038,3433.6220109546957
1600.0,1500.0,1200.0,25,65,2566.7265098299513,107.70120174197382,107.40670228936187,104.9791558310377,4.520652702501038,3437.2092872862618
1650.0,1500.0,1150.0,30,60,2791.37739998435,108.60156358906663,108.05433035922272,104.07705196591458,4.602271547657,3446.571052616169
1600.0,1500.0,1150.0,35,65,2705.678737572901,108.45483243117133,108.1561587216025,104.81569365160554,4.520652702501038,3464.284434324827
1600.0,1500.0,1200.0,35,60,2684.3100692504245,107.9145380374107,107.49747186142918,104.50273067908334,4.520652702501038,3468.464195821689
1650.0,1500.0,1200.0,25,60,2707.940665786567,108.02977250021428,107.61100994106125,104.60356549876565,4.602271547657,3491.3047828091876
1650.0,1500.0,1150.0,25,65,2732.4988072368237,108.56839116556063,108.27039059602097,104.91683686415035,4.602271547657,3492.8669058278906
1600.0,1500.0,1250.0,25,60,2572.0296638827176,107.1498443357576,106.86263110099947,104.85736402631623,4.520652702501038,3498.451943767234
1600.0,1500.0,1150.0,25,70,2635.704099634756,108.26545890202993,107.45839886619804,105.51340100764769,4.520652702501038,3549.475365809724
1600.0,1550.0,1200.0,25,60,2759.5484029769336,108.56149091755583,108.13488470282714,105.06871300114081,4.520652702501038,3550.0844794072236
1600.0,1500.0,1200.0,30,65,2680.0181679396183,108.07354406167588,107.78126341653879,105.31360312852054,4.520652702501038,3554.746361737994
1700.0,1500.0,1150.0,25,60,2906.5351809061663,108.9166719468361,108.36443335452763,104.34989577663642,4.683922323934886,3564.2741364915964
1600.0,1500.0,1250.0,30,60,2677.8107873797862,107.52763989500208,107.23530002058271,105.19140748525092,4.520652702501038,3602.058812270031
1650.0,1550.0,1150.0,25,60,2942.003859711066,109.4530980698525,108.89231733101562,104.81420619512704,4.602271547657,3615.063101701253
1600.0,1550.0,1200.0,30,60,2823.443569896804,108.75268720514306,108.32325408218131,105.23592046166002,4.520652702501038,3619.1293461607715
1600.0,1550.0,1150.0,25,65,2826.788479031244,109.30879104087126,108.90983632260532,105.57609480154834,4.520652702501038,3621.0966962033017
1650.0,1500.0,1150.0,35,60,3001.2845479053535,109.18817693962419,108.63161819175198,104.58492651743745,4.602271547657,3665.6474691134836
1600.0,1500.0,1250.0,25,65,2672.821987398015,107.70120174197382,107.41531838550125,105.82058804352496,4.520652702501038,3672.672036766129
1600.0,1500.0,1150.0,30,70,2759.035267801013,108.63246310521905,107.8331387176884,105.8495731369809,4.520652702501038,3683.5974966314425
1650.0,1500.0,1200.0,30,60,2901.3543820399022,108.60156358906663,108.17436516802422,105.10376011022562,4.602271547657,3692.1678845707224
1600.0,1550.0,1200.0,35,60,2893.208829347218,108.94813878135749,108.51581230610404,105.40682144383439,4.520652702501038,3695.697422303675
1600.0,1500.0,1200.0,35,65,2811.112163886934,108.45483243117133,108.16483510819698,105.65599693473872,4.520652702501038,3696.254399029561
1600.0,1550.0,1150.0,30,65,2897.558786381266,109.49756028338192,109.0995519442769,105.74412306715209,4.520652702501038,3702.6717649310885
1600.0,1600.0,1150.0,25,60,3010.7871134098364,109.9912736146528,109.42189609395352,105.27982110395769,4.520652702501038,3710.9146733653592
1600.0,1600.0,1150.0,30,60,3010.7871134098364,109.9912736146528,109.42189609395352,105.27982110395769,4.520652702501038,3710.9146733653592
1600.0,1600.0,1150.0,35,60,3010.7871134098364,109.9912736146528,109.42189609395352,105.27982110395769,4.520652702501038,3710.9146733653592
1650.0,1500.0,1150.0,30,65,2941.832285787854,109.1318341526887,108.83718827740836,105.4185613565615,4.602271547657,3722.314371667168
1650.0,1500.0,1200.0,25,65,2840.1558209059003,108.56839116556063,108.27907606731421,105.75795437569498,4.602271547657,3728.9072233295556
1600.0,1500.0,1250.0,35,60,2801.1614543643086,107.9145380374107,107.61693400293773,105.53338780778554,4.520652702501038,3729.2615243718287
1600.0,1500.0,1200.0,25,70,2724.7574232475927,108.26545890202993,107.45839886619804,106.16080157139902,4.520652702501038,3744.1469288908434
1650.0,1500.0,1250.0,25,60,2827.888688391109,108.02977250021428,107.73059784847064,105.63522211255227,4.602271547657,3757.645948224746
1600.0,1500.0,1300.0,25,60,2693.6329342814793,107.1498443357576,106.98143364021094,105.89126409352605,4.520652702501038,3770.6767612916883
1650.0,1550.0,1150.0,30,60,3093.441776240633,109.83893068881275,109.27198939773709,105.14803937941583,4.602271547657,3784.234413378467
1600.0,1550.0,1150.0,35,65,2974.3751107091634,109.69052444253144,109.29348634100327,105.91586300653991,4.520652702501038,3792.0763333731115
1600.0,1500.0,1250.0,30,65,2793.4717904965255,108.07354406167588,107.78990930006373,106.15772715768661,4.520652702501038,3803.7018112155556
1700.0,1500.0,1200.0,25,60,3024.892200364202,108.9166719468361,108.48481152905386,105.3793090463235,4.683922323934886,3824.84974565464
1600.0,1550.0,1250.0,25,60,2893.858364613012,108.56149091755583,108.25505289987277,106.10498026413411,4.520652702501038,3842.135045350098
1600.0,1500.0,1150.0,35,70,2900.475857759819,109.00826080985759,108.21689342776395,106.19373282905129,4.520652702501038,3842.140447084616
1700.0,1500.0,1150.0,25,65,3074.209937423889,109.44231843384263,109.14953164044633,105.69495314079009,4.683922323934886,3870.814861695018
1650.0,1500.0,1150.0,25,70,2932.6139089431135,109.12017952785679,108.33118889507368,106.29621612646858,4.602271547657,3879.876763438179
1600.0,1550.0,1200.0,25,65,2949.0418847335222,109.30879104087126,108.91858102588859,106.42251958154465,4.520652702501038,3883.8378956150646
1600.0,1500.0,1200.0,30,70,2853.0375650216993,108.63246310521905,107.8331387176884,106.49904265409899,4.520652702501038,3887.9356747955026
1600.0,1500.0,1300.0,30,60,2809.697322374119,107.52763989500208,107.35451552436932,106.2286178258231,4.520652702501038,3892.7218594503847
1700.0,1500.0,1150.0,30,60,3211.9897377674347,109.68591645009386,109.12141996879095,105.0156600686342,4.683922323934886,3894.3784856313832
1650.0,1550.0,1200.0,25,60,3074.7224930215484,109.4530980698525,109.01328000511182,105.84822297418717,4.602271547657,3901.3060663961987
1600.0,1550.0,1250.0,30,60,2962.947278640783,108.75268720514306,108.4436309315195,106.27384514732715,4.520652702501038,3920.476296321275
1600.0,1500.0,1300.0,25,65,2794.555323782655,107.70120174197382,107.4239344816406,106.66860419904053,4.520652702501038,3939.1171718965534
1650.0,1500.0,1200.0,35,60,3126.895424853455,109.18817693962419,108.75229220782133,105.61667003973037,4.602271547657,3939.187799425326
1600.0,1500.0,1150.0,25,75,2820.3404024651554,108.84248879984207,107.45839886619804,106.92833588107543,4.520652702501038,3944.035703804383
1600.0,1500.0,1250.0,25,70,2822.398668995412,108.26545890202993,107.45839886619804,106.81208380946578,4.520652702501038,3956.497768735291
1600.0,1500.0,1250.0,35,65,2932.1461735367,108.45483243117133,108.17351149479148,106.50287677331023,4.520652702501038,3959.108393951555
1600.0,1550.0,1200.0,30,65,3023.560984398728,109.49756028338192,109.10831174909956,106.59190055725618,4.520652702501038,3972.2733027189506
1650.0,1550.0,1150.0,35,60,3260.445937592357,110.23405468438924,109.66079025284053,105.48980025973401,4.602271547657,3975.62531550461
1650.0,1500.0,1200.0,30,65,3060.5815739698373,109.1318341526887,108.84591882414057,106.26371792260257,4.602271547657,3978.657323743942
1650.0,1500.0,1250.0,30,60,3036.7516066887006,108.60156358906663,108.29457709673872,106.14037477218672,4.602271547657,3986.164605300789
1650.0,1500.0,1250.0,25,65,2963.4563748948876,108.56839116556063,108.28776153860747,106.60565484126137,4.602271547657,3995.9165716701023
1650.0,1500.0,1150.0,35,65,3183.8677244653163,109.7098258562205,109.41864676517696,105.93304020838971,4.602271547657,3998.820107876338
1600.0,1550.0,1250.0,35,60,3038.037974419273,108.94813878135749,108.63640244644412,106.4464401767122,4.520652702501038,4006.575938196599
1600.0,1600.0,1200.0,25,60,3158.0354244419823,109.9912736146528,109.54344513524302,106.3184544236972,4.520652702501038,4023.1214483552985
1600.0,1600.0,1200.0,30,60,3158.0354244419823,109.9912736146528,109.54344513524302,106.3184544236972,4.520652702501038,4023.1214483552985
1600.0,1600.0,1200.0,35,60,3158.0354244419823,109.9912736146528,109.54344513524302,106.3184544236972,4.520652702501038,4023.1214483552985
1650.0,1550.0,1150.0,25,65,3174.212758207297,110.18902770247107,109.79450930614776,106.35943148602631,4.602271547657,4030.9767198724467
1600.0,1500.0,1300.0,35,60,2943.6431080882694,107.9145380374107,107.73657240107816,106.57398712564387,4.520652702501038,4038.9197823174627
1700.0,1550.0,1150.0,25,60,3319.4074362251904,110.35176971070128,109.7766187175757,105.59159565014097,4.683922323934886,4042.417629377152
1600.0,1500.0,1200.0,35,70,2999.575909229558,109.00826080985759,108.21689342776395,106.84532047817197,4.520652702501038,4056.4350263856836
1600.0,1550.0,1200.0,35,65,3104.220891911523,109.69052444253144,109.30226158295866,106.76502309628388,4.520652702501038,4068.711266378932
1650.0,1500.0,1300.0,25,60,2973.538540599833,108.02977250021428,107.85036219832018,106.67683060428722,4.602271547657,4072.983811716744
1600.0,1500.0,1300.0,30,65,2922.705541307715,108.07354406167588,107.79855518358866,107.00845627887352,4.520652702501038,4083.921362470823
1650.0,1550.0,1200.0,30,60,3236.5648137080757,109.83893068881275,109.39337245825911,106.18536608227562,4.602271547657,4089.0699248630294
1650.0,1500.0,1200.0,25,70,3033.2380592467584,109.12017952785679,108.33118889507368,106.94843451321735,4.602271547657,4097.147893619636
1600.0,1500.0,1150.0,30,75,2958.1329038764998,109.20426629891197,107.8331387176884,107.26904636471382,4.520652702501038,4105.37394730681
1600.0,1500.0,1200.0,25,75,2897.0597624382394,108.84248879984207,107.45839886619804,107.37964978014506,4.520652702501038,4106.269956660276
1600.0,1500.0,1250.0,30,70,2955.7045595830946,108.63246310521905,107.8331387176884,107.15240628934541,4.520652702501038,4110.11234511303
1700.0,1500.0,1250.0,25,60,3168.8628749843315,108.9166719468361,108.60536733083784,106.41865506308879,4.683922323934886,4134.1917912438
1600.0,1550.0,1150.0,25,70,3101.0559022238776,110.06777706392975,108.97979394887147,107.16368567139229,4.520652702501038,4135.372981043113
1700.0,1500.0,1200.0,25,65,3199.113930483116,109.44231843384263,109.15828702592103,106.54233478794932,4.683922323934886,4138.421490345697
1650.0,1500.0,1150.0,30,70,3168.4804730215424,109.67545322035328,108.89830210453385,106.8045882979022,4.602271547657,4154.917068109406
1650.0,1600.0,1150.0,25,60,3386.8093691321633,110.89471087977354,110.31084199007057,106.06098141911326,4.602271547657,4156.831160085681
1600.0,1550.0,1250.0,25,65,3087.220164320656,109.30879104087126,108.92732572917184,107.27556902312107,4.520652702501038,4178.104799680411
1600.0,1550.0,1300.0,25,60,3054.201458275074,108.56149091755583,108.37539839668962,107.15124410027676,4.520652702501038,4183.810851788317
1600.0,1500.0,1300.0,25,70,2928.770470872352,108.26545890202993,107.45839886619804,107.46727040477184,4.520652702501038,4186.826643342389
1700.0,1500.0,1200.0,30,60,3350.97911158025,109.68591645009386,109.24263631403103,106.05167423740185,4.683922323934886,4191.827428694119
1600.0,1550.0,1150.0,30,70,3182.1025829416967,110.25416254324774,109.16963038285826,107.33426028661404,4.520652702501038,4234.782721840114
1650.0,1550.0,1250.0,25,60,3233.3854772989685,109.4530980698525,109.13442117010534,106.8922171375954,4.602271547657,4236.942163957272
1650.0,1550.0,1150.0,30,65,3350.1603187684877,110.56989863761964,110.17731814742714,106.69822980771926,4.602271547657,4244.302368252899
1600.0,1500.0,1300.0,35,65,3069.106578224965,108.45483243117133,108.18218788138597,107.35638335594246,4.520652702501038,4253.5161167878705
1600.0,1600.0,1150.0,25,65,3318.3509402607338,110.93987406745764,110.44243844802398,107.02725289406891,4.520652702501038,4256.813807276253
1600.0,1600.0,1150.0,30,65,3318.3509402607338,110.93987406745764,110.44243844802398,107.02725289406891,4.520652702501038,4256.813807276253
1600.0,1600.0,1150.0,35,65,3318.3509402607338,110.93987406745764,110.44243844802398,107.02725289406891,4.520652702501038,4256.813807276253
1650.0,1500.0,1250.0,35,60,3278.2871077434297,109.18817693962419,108.87314428827467,106.65836890394667,4.602271547657,4261.811334886847
1650.0,1500.0,1250.0,30,65,3195.188298936004,109.1318341526887,108.85464937087279,107.11548918377885,4.602271547657,4266.392544732613
1650.0,1600.0,1150.0,30,60,3479.2981494711903,111.08997395612337,110.50296317746147,106.22973950187914,4.602271547657,4268.898360029968
1600.0,1550.0,1300.0,30,60,3128.6036929313773,108.75268720514306,108.56418538889702,107.32178247326988,4.520652702501038,4271.67533252493
1600.0,1550.0,1250.0,30,65,3165.5601319717853,109.49756028338192,109.11707155392223,107.44631333947436,4.520652702501038,4273.543157830527
1600.0,1500.0,1200.0,30,75,3037.8627601505314,109.20426629891197,107.8331387176884,107.72180031776341,4.520652702501038,4273.9832379528625
1650.0,1500.0,1200.0,35,65,3314.098602136096,109.7098258562205,109.42742355124547,106.7823385844082,4.602271547657,4276.174560283738
1700.0,1500.0,1150.0,30,65,3422.075419645757,110.20020478658387,109.91198710106717,106.369375144242,4.683922323934886,4276.6049746136105
1600.0,1500.0,1250.0,25,75,2977.8432901823617,108.84248879984207,107.45839886619804,107.83285473143944,4.520652702501038,4277.02601780684
1600.0,1500.0,1250.0,35,70,3107.419585038215,109.00826080985759,108.21689342776395,107.50081498514196,4.520652702501038,4288.731777242244
1600.0,1500.0,1150.0,35,75,3114.4725966756214,109.5746885934469,108.21689342776395,107.61785233898817,4.520652702501038,4291.899558113762
1650.0,1500.0,1300.0,25,65,3102.7269996231025,108.56839116556063,108.2964470099007,107.4599884985021,4.602271547657,4294.566130108243
1650.0,1550.0,1200.0,35,60,3414.288575082615,110.23405468438924,109.78260380276114,106.53051554062992,4.602271547657,4299.6145489573755
1700.0,1500.0,1150.0,35,60,3568.344614999856,110.47651055059342,109.8993590083902,105.69945582447788,4.683922323934886,4300.954066118764
1650.0,1550.0,1200.0,25,65,3314.0417620517637,110.18902770247107,109.80332442836395,107.21216258330698,4.602271547657,4325.8780864320315
1700.0,1500.0,1150.0,25,70,3315.583610087173,109.98141310404537,109.21081933876926,107.08464227894817,4.683922323934886,4328.665122616608
1650.0,1500.0,1300.0,30,60,3198.2070052665345,108.60156358906663,108.41496638983463,107.18698937498768,4.602271547657,4329.834074406143
1650.0,1500.0,1250.0,25,70,3142.6294006821677,109.12017952785679,108.33118889507368,107.60456355147491,4.602271547657,4332.470068669703
1650.0,1500.0,1150.0,25,75,3151.0656884311206,109.68500184897295,108.33118889507368,107.72171921708706,4.602271547657,4337.991900516593
1600.0,1550.0,1150.0,35,70,3269.456097192064,110.44468381534097,109.36368827664649,107.50860285422283,4.520652702501038,4342.459535038712
1600.0,1500.0,1300.0,30,70,3067.1799152321587,108.63246310521905,107.8331387176884,107.80968679860068,4.520652702501038,4350.428438035238
1600.0,1550.0,1300.0,35,60,3209.142301998821,108.94813878135749,108.75717050994577,107.4960879721548,4.520652702501038,4367.538889656328
1700.0,1550.0,1150.0,30,60,3598.6179806386144,110.9357237902605,110.35119526920144,106.09642949931023,4.683922323934886,4371.97230962621
1700.0,1550.0,1200.0,25,60,3476.456289275898,110.35176971070128,109.89856051455506,106.63332024808679,4.683922323934886,4372.135306785221
1600.0,1550.0,1250.0,35,65,3250.1374461350274,109.69052444253144,109.31103682491407,107.62082934363647,4.520652702501038,4377.160586301573
1600.0,1550.0,1200.0,25,70,3214.69288896609,110.06777706392975,108.97979394887147,107.82124300476627,4.520652702501038,4378.05512546482
1600.0,1600.0,1250.0,25,60,3331.561681382595,109.9912736146528,109.66517353383422,107.36710989233902,4.520652702501038,4385.353515340388
1600.0,1600.0,1250.0,30,60,3331.561681382595,109.9912736146528,109.66517353383422,107.36710989233902,4.520652702501038,4385.353515340388
1600.0,1600.0,1250.0,35,60,3331.561681382595,109.9912736146528,109.66517353383422,107.36710989233902,4.520652702501038,4385.353515340388
1650.0,1500.0,1200.0,30,70,3276.706346392232,109.67545322035328,108.89830210453385,107.45993550774409,4.602271547657,4387.033210774294
1650.0,1600.0,1150.0,35,60,3576.6812346874503,111.28958046501069,110.69935431697066,106.4022233323965,4.602271547657,4387.883747470022
1700.0,1500.0,1250.0,25,65,3339.9937660824553,109.44231843384263,109.16704241139573,107.39634861640747,4.683922323934886,4437.654673017196
1650.0,1550.0,1250.0,30,60,3405.871180430073,109.83893068881275,109.51493463083243,107.23270226425736,4.602271547657,4443.75143389953
1600.0,1500.0,1250.0,30,75,3121.6922242953397,109.20426629891197,107.8331387176884,108.17645136845181,4.520652702501038,4451.190079182075
1600.0,1500.0,1300.0,25,75,3062.7408137258894,108.84248879984207,107.45839886619804,108.28795851148672,4.520652702501038,4456.40678718748
1600.0,1500.0,1200.0,35,75,3197.3027701605965,109.5746885934469,108.21689342776395,108.07208056874816,4.520652702501038,4467.074025956943
1650.0,1500.0,1150.0,35,70,3437.988107472222,110.24500949101588,109.48008426765645,107.32588406162238,4.602271547657,4478.493499110919
1650.0,1550.0,1150.0,35,65,3542.422443302146,110.95991578809179,110.5693311665135,107.04507387183526,4.602271547657,4481.135297113081
1600.0,1550.0,1200.0,30,70,3298.32193862063,110.25416254324774,109.16963038285826,107.99286745683642,4.520652702501038,4482.507012524875
1700.0,1500.0,1300.0,25,60,3339.088997331463,108.9166719468361,108.72610100505058,107.46802749866904,4.683922323934886,4493.580834079215
1600.0,1550.0,1300.0,25,65,3241.6545521444204,109.30879104087126,108.93607043245513,108.13529368352447,4.520652702501038,4504.578284374527
1650.0,1600.0,1200.0,25,60,3558.7214314590874,110.89471087977354,110.43337528179525,107.10736010952463,4.602271547657,4513.102067208641
1650.0,1500.0,1200.0,25,75,3234.822644932286,109.68500184897295,108.33118889507368,108.17638645577969,4.602271547657,4515.128894960357
1700.0,1500.0,1250.0,30,60,3516.056928064587,109.68591645009386,109.36403152498715,107.09768515820866,4.683922323934886,4538.942560833787
1600.0,1500.0,1300.0,35,70,3224.1516069566906,109.00826080985759,108.21689342776395,108.1602391805344,4.520652702501038,4539.3338622489155
1650.0,1550.0,1200.0,30,65,3497.668963826044,110.56989863761964,110.18616373931816,107.55368848577788,4.602271547657,4553.253412716526
1700.0,1550.0,1150.0,25,65,3608.939692094179,111.07610437829389,110.68611656763888,107.14838334368126,4.683922323934886,4561.509498960283
1700.0,1500.0,1200.0,25,70,3428.026569720027,109.98141310404537,109.21081933876926,107.74171312499954,4.683922323934886,4569.015828397547
1700.0,1500.0,1200.0,30,65,3562.129147670343,110.20020478658387,109.9208031174501,107.22218629494857,4.683922323934886,4571.932476679366
1600.0,1600.0,1200.0,25,65,3473.3627835511643,110.93987406745764,110.45131363794937,107.88536048750666,4.520652702501038,4579.475036259875
1600.0,1600.0,1200.0,30,65,3473.3627835511643,110.93987406745764,110.45131363794937,107.88536048750666,4.520652702501038,4579.475036259875
1600.0,1600.0,1200.0,35,65,3473.3627835511643,110.93987406745764,110.45131363794937,107.88536048750666,4.520652702501038,4579.475036259875
1650.0,1500.0,1250.0,35,65,3460.407645211112,109.7098258562205,109.43620033731395,107.6382842047954,4.602271547657,4585.358026350579
1650.0,1500.0,1300.0,25,70,3260.9329708204577,109.12017952785679,108.33118889507368,108.26462609405658,4.602271547657,4586.147117445184
1650.0,1500.0,1300.0,30,65,3345.9825679648216,109.1318341526887,108.86337991760499,107.97392562096627,4.602271547657,4586.198587246867
1600.0,1550.0,1200.0,35,70,3388.3228792960585,110.44468381534097,109.36368827664649,108.168283056901,4.520652702501038,4595.352791299101
1600.0,1550.0,1300.0,30,65,3323.8886677161413,109.49756028338192,109.1258313587449,108.30741205251393,4.520652702501038,4607.164688727808
1650.0,1550.0,1300.0,25,60,3418.641202653261,109.4530980698525,109.25574107236316,107.94628278007235,4.602271547657,4623.2651138228475
1650.0,1550.0,1150.0,25,70,3496.6673081735325,110.93684742424763,109.86503028387733,107.95889352385473,4.602271547657,4628.757065457059
1650.0,1600.0,1200.0,30,60,3656.585761746982,111.08997395612337,110.62570918455185,107.27779150035387,4.602271547657,4634.7717662734785
1650.0,1500.0,1300.0,35,60,3456.1047245650093,109.18817693962419,108.99417467888831,107.71011699593132,4.602271547657,4634.805288758147
1700.0,1500.0,1200.0,35,60,3728.797377224829,110.47651055059342,110.02143670484551,106.7422498778052,4.683922323934886,4636.75319848869
1600.0,1500.0,1300.0,30,75,3209.6714795933867,109.20426629891197,107.8331387176884,108.63300731823173,4.520652702501038,4637.098114309763
1650.0,1500.0,1250.0,30,70,3393.816749345607,109.67545322035328,108.89830210453385,108.11921218799758,4.602271547657,4637.443739431704
1600.0,1550.0,1250.0,25,70,3337.2977251840725,110.06777706392975,108.97979394887147,108.48274310192086,4.520652702501038,4639.204450126581
1600.0,1500.0,1250.0,35,75,3284.2689818271347,109.5746885934469,108.21689342776395,108.52821208526488,4.520652702501038,4650.92390661882
1650.0,1550.0,1250.0,25,65,3470.132937730445,110.18902770247107,109.81213955058016,108.07156790214222,4.602271547657,4652.972541690529
1650.0,1500.0,1150.0,30,75,3409.156568030591,110.23227923647451,108.89830210453385,108.23695481683244,4.602271547657,4654.640976005801
1650.0,1550.0,1250.0,35,60,3594.5602459028296,110.23405468438924,109.9045971008178,107.58127315858795,4.602271547657,4673.915373298635
1650.0,1500.0,1250.0,25,75,3322.726516732984,109.68500184897295,108.33118889507368,108.63295882422644,4.602271547657,4700.964550522298
1600.0,1550.0,1300.0,35,65,3412.4584451068713,109.69052444253144,109.31981206686946,108.48333247056647,4.520652702501038,4718.110193560489
1700.0,1600.0,1150.0,25,60,3850.86506744042,111.80530705446566,111.20675653913051,106.84774146245053,4.683922323934886,4724.661905761945
1650.0,1500.0,1200.0,35,70,3554.0804724755385,110.24500949101588,109.48008426765645,107.9844396785186,4.602271547657,4725.9698416939145
1700.0,1550.0,1200.0,30,60,3771.6577964767757,110.9357237902605,110.47377323991824,107.14315967143996,4.683922323934886,4730.2577971099245
1600.0,1550.0,1150.0,25,75,3399.065883319493,110.83838999160945,108.97979394887147,108.8074621369528,4.520652702501038,4744.388794468578
1700.0,1550.0,1150.0,35,60,3907.744823187688,111.53480782573244,110.94062646146645,106.61409020350646,4.683922323934886,4747.032598923473
1600.0,1550.0,1250.0,30,70,3423.5488479295,110.25416254324774,109.16963038285826,108.6554237054053,4.520652702501038,4748.780825142712
1700.0,1550.0,1250.0,25,60,3660.007565470239,110.35176971070128,110.02068224916692,107.68509697021047,4.683922323934886,4752.30364076324
1700.0,1500.0,1150.0,35,65,3822.5703150219324,110.97902289627112,110.69554624991733,107.06206357441737,4.683922323934886,4761.707812012154
1650.0,1600.0,1200.0,35,60,3759.4804506378755,111.28958046501069,110.82231776589256,107.45198559439415,4.602271547657,4763.6021671554645
1700.0,1500.0,1300.0,25,65,3497.1815302102495,109.44231843384263,109.17579779687044,108.25704524103399,4.683922323934886,4769.197041260045
1700.0,1500.0,1150.0,30,70,3699.7053129414403,110.72818804087696,109.97369921574766,107.76800068336053,4.683922323934886,4796.451811637143
1600.0,1600.0,1300.0,25,60,3532.020924228707,109.9912736146528,109.78708153729401,108.42588202880272,4.520652702501038,4798.917856539342
1600.0,1600.0,1300.0,30,60,3532.020924228707,109.9912736146528,109.78708153729401,108.42588202880272,4.520652702501038,4798.917856539342
1600.0,1600.0,1300.0,35,60,3532.020924228707,109.9912736146528,109.78708153729401,108.42588202880272,4.520652702501038,4798.917856539342
1650.0,1550.0,1200.0,35,65,3697.8419544024023,110.95991578809179,110.57820795977655,107.90332494019893,4.602271547657,4804.557374323624
1650.0,1600.0,1150.0,25,65,3759.9329169554394,111.83335010994723,111.33965182030227,107.82149403445464,4.602271547657,4821.542186707906
1700.0,1500.0,1250.0,25,70,3549.419007738809,109.98141310404537,109.21081933876926,108.40272380871426,4.683922323934886,4827.795615098125
1650.0,1500.0,1200.0,30,75,3497.5351253469403,110.23227923647451,108.89830210453385,108.69379978415999,4.602271547657,4841.564440131361
1600.0,1500.0,1300.0,35,75,3375.421779945761,109.5746885934469,108.21689342776395,108.98625471550825,4.520652702501038,4843.5536071881015
1650.0,1550.0,1300.0,30,60,3602.014030869097,109.83893068881275,109.63667616268435,108.29014232421814,4.602271547657,4849.582162150568
1700.0,1500.0,1150.0,25,75,3568.5915550601035,110.53381114535881,109.21081933876926,108.52078983806788,4.683922323934886,4851.423030625018
1600.0,1550.0,1150.0,30,75,3488.7657629424775,111.02243373229508,109.16963038285826,108.98067074855511,4.520652702501038,4860.162129113858
1600.0,1550.0,1250.0,35,70,3516.2378803867696,110.44468381534097,109.36368827664649,108.83191879203919,4.520652702501038,4866.879905015414
1650.0,1550.0,1150.0,30,70,3693.6765130028307,111.31284689108794,110.24808288255522,108.30282640440669,4.602271547657,4878.482308276063
1700.0,1550.0,1200.0,25,65,3766.7250533115216,111.07610437829389,110.69500265598916,108.007466148214,4.683922323934886,4889.259007612796
1650.0,1550.0,1250.0,30,65,3661.586678687696,110.56989863761964,110.19500933120916,108.41584282129556,4.602271547657,4894.688192096523
1650.0,1550.0,1200.0,25,70,3622.409327950481,110.93684742424763,109.86503028387733,108.621345169825,4.602271547657,4895.072905739111
1650.0,1500.0,1300.0,25,75,3414.82796104205,109.68500184897295,108.33118889507368,109.09144415699576,4.602271547657,4895.603502261694
1700.0,1500.0,1250.0,30,65,3718.4493502277564,110.20020478658387,109.92961913383301,108.08167229634155,4.683922323934886,4899.46158066068
1650.0,1500.0,1300.0,30,70,3519.9582910365457,109.67545322035328,108.89830210453385,108.78244130181402,4.602271547657,4906.455798664529
1600.0,1550.0,1300.0,25,70,3469.0181352087134,110.06777706392975,108.97979394887147,109.14820900394801,4.520652702501038,4919.1304524725765
1650.0,1600.0,1250.0,25,60,3757.4755428045837,110.89471087977354,110.55608938514206,108.1638360543497,4.602271547657,4920.467165403062
1650.0,1500.0,1300.0,35,65,3623.128648876624,109.7098258562205,109.44497712338246,108.50092779984776,4.602271547657,4927.0566609971875
1600.0,1600.0,1250.0,25,65,3644.926942549153,110.93987406745764,110.46018882787476,108.75018455633428,4.520652702501038,4934.903415425566
1600.0,1600.0,1250.0,30,65,3644.926942549153,110.93987406745764,110.46018882787476,108.75018455633428,4.520652702501038,4934.903415425566
1600.0,1600.0,1250.0,35,65,3644.926942549153,110.93987406745764,110.46018882787476,108.75018455633428,4.520652702501038,4934.903415425566
1700.0,1500.0,1300.0,30,60,3707.874450328647,109.68591645009386,109.48560584854545,108.15378710930712,4.683922323934886,4937.023331531138
1600.0,1550.0,1200.0,25,75,3492.608929934572,110.83838999160945,108.97979394887147,109.26671846371669,4.520652702501038,4942.248152564809
1700.0,1550.0,1150.0,30,65,3925.8421340106647,111.65245232225575,111.26544003968483,107.66072615703288,4.683922323934886,4958.737440793646
1650.0,1600.0,1150.0,30,65,3866.7150869350553,112.02644249273688,111.53355977119611,107.99307814155978,4.602271547657,4959.471294643224
1600.0,1550.0,1150.0,35,75,3584.991326893163,111.21055535060982,109.36368827664649,109.15770552443973,4.520652702501038,4984.601783611386
1650.0,1500.0,1250.0,35,70,3679.178439498249,110.24500949101588,109.48008426765645,108.64694406367721,4.602271547657,4991.991658792588
1700.0,1600.0,1150.0,30,60,4071.4161587889475,112.199345715079,111.59441876944825,107.18801068878547,4.683922323934886,5000.755691427397
1650.0,1550.0,1300.0,25,65,3642.823152345646,110.18902770247107,109.82095467279638,108.93769837955497,4.602271547657,5012.952573087295
1600.0,1600.0,1150.0,25,70,3734.5941779504615,111.89956492646294,110.52231515735255,108.8393747412262,4.520652702501038,5018.171294715697
1600.0,1600.0,1150.0,30,70,3734.5941779504615,111.89956492646294,110.52231515735255,108.8393747412262,4.520652702501038,5018.171294715697
1600.0,1600.0,1150.0,35,70,3734.5941779504615,111.89956492646294,110.52231515735255,108.8393747412262,4.520652702501038,5018.171294715697
1650.0,1500.0,1150.0,35,75,3701.669457049568,110.7935801971797,109.48008426765645,108.76528870354875,4.602271547657,5021.157040519003
1700.0,1500.0,1250.0,35,60,3915.8304277559414,110.47651055059342,110.14369453973727,107.7951064256218,4.683922323934886,5023.150531770196
1600.0,1550.0,1300.0,30,70,3557.931566386151,110.25416254324774,109.16963038285826,109.32195211043597,4.520652702501038,5033.9147778844845
1650.0,1500.0,1250.0,30,75,3590.114750788331,110.23227923647451,108.89830210453385,109.15255902358096,4.602271547657,5037.302314212615
1700.0,1500.0,1200.0,25,75,3659.5333266679963,110.53381114535881,109.21081933876926,108.97883448690335,4.683922323934886,5043.774166725718
1650.0,1600.0,1250.0,30,60,3860.8380187864736,111.08997395612337,110.74863631757273,108.33595697935942,4.602271547657,5051.9716543151435
1700.0,1500.0,1200.0,30,70,3822.52609672933,110.72818804087696,109.97369921574766,108.42927742043123,4.683922323934886,5057.064668164136
1600.0,1550.0,1200.0,30,75,3583.8865689562735,111.02243373229508,109.16963038285826,109.44065917824281,4.520652702501038,5061.36238452303
1700.0,1500.0,1200.0,35,65,3978.378599411577,110.97902289627112,110.70442457174904,107.92045142528036,4.683922323934886,5085.85621476641
1650.0,1550.0,1300.0,35,60,3801.91900003816,110.23405468438924,110.02677039511869,108.64216782383822,4.602271547657,5099.840773902224
1650.0,1600.0,1150.0,35,65,3978.754940184607,112.22382353286979,111.73177737682514,108.16845042672539,4.602271547657,5104.960851137206
1700.0,1500.0,1300.0,25,70,3679.908402645707,109.98141310404537,109.21081933876926,109.0676973540281,4.683922323934886,5105.313461494734
1700.0,1600.0,1200.0,25,60,4047.981803632516,111.80530705446566,111.33028177190155,107.90192132079592,4.683922323934886,5125.95232484499
1700.0,1550.0,1200.0,35,60,4097.338142448605,111.53480782573244,111.06385704225647,107.6659532496641,4.683922323934886,5134.886154935028
1700.0,1550.0,1250.0,30,60,3971.565391382017,110.9357237902605,110.59653208827487,108.19999050630182,4.683922323934886,5139.686228528115
1600.0,1550.0,1250.0,25,75,3590.413388241904,110.83838999160945,108.97979394887147,109.72789918581029,4.520652702501038,5149.050911212291
1650.0,1550.0,1150.0,35,70,3907.638359701211,111.69785074391177,110.64034551261788,108.65492708666821,4.602271547657,5152.75620128204
1650.0,1550.0,1200.0,30,70,3824.706259572833,111.31284689108794,110.24808288255522,108.96739490651493,4.602271547657,5155.120484420657
1600.0,1550.0,1300.0,35,70,3653.349899879825,110.44468381534097,109.36368827664649,109.49953317559455,4.520652702501038,5157.352641955903
1650.0,1550.0,1250.0,35,65,3869.821556376544,110.95991578809179,110.5870847530396,108.76829361153486,4.602271547657,5160.761984914882
1650.0,1600.0,1200.0,25,65,3933.2403048412925,111.83335010994723,111.34859848831107,108.68599607551113,4.602271547657,5177.664350274529
1650.0,1550.0,1250.0,25,70,3757.3049904899513,110.93684742424763,109.86503028387733,109.28776901817372,4.602271547657,5180.241242818788
1700.0,1550.0,1300.0,25,60,3870.7207764780537,110.35176971070128,110.142984169782,108.74702061948906,4.683922323934886,5184.23853186879
1600.0,1550.0,1200.0,35,75,3681.729460669463,111.21055535060982,109.36368827664649,109.6184422307079,4.520652702501038,5189.22670528964
1650.0,1600.0,1250.0,35,60,3969.3698816340775,111.28958046501069,110.94546266203793,108.51187792152243,4.602271547657,5190.884991166249
1650.0,1500.0,1200.0,35,75,3794.8290361635486,110.7935801971797,109.48008426765645,109.22436677558312,4.602271547657,5218.204405714603
1650.0,1500.0,1300.0,30,75,3686.9466436709818,110.23227923647451,108.89830210453385,109.61324040735725,4.602271547657,5241.960367797615
1700.0,1550.0,1150.0,25,70,3980.645967494487,111.81254099422202,110.757205274441,108.75980229630794,4.683922323934886,5244.316969433965
1700.0,1500.0,1250.0,25,75,3754.7061380165037,110.53381114535881,109.21081933876926,109.43879844425719,4.683922323934886,5245.003778976512
1700.0,1550.0,1250.0,25,65,3941.115611988652,111.07610437829389,110.70388874433941,108.87327309242207,4.683922323934886,5249.880292920443
1700.0,1500.0,1300.0,30,65,3891.372966225858,110.20020478658387,109.93843515021595,108.9478840902645,4.683922323934886,5259.884922018814
1650.0,1550.0,1300.0,30,65,3842.252781291221,110.56989863761964,110.20385492310018,109.28474391556053,4.602271547657,5269.304246058279
1600.0,1550.0,1250.0,30,75,3683.287186585051,111.02243373229508,109.16963038285826,109.90257507675285,4.520652702501038,5271.54537415254
1650.0,1500.0,1300.0,35,70,3813.4302379517067,110.24500949101588,109.48008426765645,109.31342029339557,4.602271547657,5276.869513515676
1700.0,1600.0,1150.0,35,60,4306.120762694871,112.60286841407338,111.99139705154025,107.5363563064989,4.683922323934886,5298.81845057036
1700.0,1550.0,1200.0,30,65,4095.425266891506,111.65245232225575,111.2743722358706,108.52393383845654,4.683922323934886,5308.064332645737
1600.0,1600.0,1200.0,25,70,3873.935950197885,111.89956492646294,110.52231515735255,109.50724565778731,4.520652702501038,5311.034019308436
1600.0,1600.0,1200.0,30,70,3873.935950197885,111.89956492646294,110.52231515735255,109.50724565778731,4.520652702501038,5311.034019308436
1600.0,1600.0,1200.0,35,70,3873.935950197885,111.89956492646294,110.52231515735255,109.50724565778731,4.520652702501038,5311.034019308436
1650.0,1550.0,1150.0,25,75,3835.246796916673,111.69649228226281,109.86503028387733,109.61494973782757,4.602271547657,5314.37071949935
1650.0,1600.0,1200.0,30,65,4044.0090115451853,112.02644249273688,111.54252188659552,108.85896163325157,4.602271547657,5322.883332198236
1600.0,1600.0,1300.0,25,65,3833.3851237732156,110.93987406745764,110.46906401780015,109.62177636137224,4.520652702501038,5323.8014083451435
1600.0,1600.0,1300.0,30,65,3833.3851237732156,110.93987406745764,110.46906401780015,109.62177636137224,4.520652702501038,5323.8014083451435
1600.0,1600.0,1300.0,35,65,3833.3851237732156,110.93987406745764,110.46906401780015,109.62177636137224,4.520652702501038,5323.8014083451435
1700.0,1500.0,1250.0,30,70,3954.455761422453,110.72818804087696,109.97369921574766,109.09451929291093,4.683922323934886,5336.437189125691
1700.0,1500.0,1150.0,35,70,4137.918031489257,111.4954887540915,110.75769450273924,108.46986798716681,4.683922323934886,5345.804681302876
1600.0,1550.0,1300.0,25,75,3692.5310611493196,110.83838999160945,108.97979394887147,110.1910122172337,4.520652702501038,5364.904103202935
1700.0,1500.0,1150.0,30,75,3983.0690842765234,111.26971329980266,109.97369921574766,109.21337460466894,4.683922323934886,5375.748947505341
1650.0,1600.0,1300.0,25,60,3983.73797570789,110.89471087977354,110.67898454969202,109.23050448424412,4.602271547657,5380.255838958804
1600.0,1550.0,1250.0,35,75,3782.766250626791,111.21055535060982,109.36368827664649,110.08110954719982,4.520652702501038,5402.874646303974
1700.0,1550.0,1150.0,35,65,4274.000085081675,112.24367479640424,111.85974080543751,108.18608692463144,4.683922323934886,5403.737010248144
1700.0,1600.0,1200.0,30,60,4279.547011442116,112.199345715079,111.71837320734059,108.24556459260337,4.683922323934886,5421.715658170728
1650.0,1500.0,1250.0,35,75,3892.2455524874463,110.7935801971797,109.48008426765645,109.68536849460475,4.602271547657,5424.185606459108
1650.0,1550.0,1200.0,35,70,4044.114073954361,111.69785074391177,110.64034551261788,109.32166273656452,4.602271547657,5440.024782677504
1700.0,1500.0,1250.0,35,65,4150.754388740214,110.97902289627112,110.71330289358073,108.78555795410209,4.683922323934886,5442.801819645996
1650.0,1550.0,1250.0,30,70,3964.970554056671,111.31284689108794,110.24808288255522,109.63594834379082,4.602271547657,5450.778949142247
1700.0,1500.0,1300.0,25,75,3854.161488279346,110.53381114535881,109.21081933876926,109.90068960315656,4.683922323934886,5455.218264479691
1700.0,1500.0,1300.0,35,60,4130.10482879815,110.47651055059342,110.26613276171415,108.85812036917861,4.683922323934886,5461.46505889571
1650.0,1600.0,1200.0,35,65,4160.135920137392,112.22382353286979,111.74075528270775,109.03574587717871,4.602271547657,5475.846153645111
1650.0,1550.0,1300.0,25,70,3901.5045045525917,110.93684742424763,109.86503028387733,109.95818828259799,4.602271547657,5484.576816117957
1600.0,1550.0,1300.0,30,75,3787.0196026823173,111.02243373229508,109.16963038285826,110.36642637075768,4.520652702501038,5490.818515787764
1700.0,1600.0,1150.0,25,65,4291.020294233225,112.73376985221171,112.243898472513,108.62142948931456,4.683922323934886,5510.531401768001
1650.0,1600.0,1300.0,30,60,4092.7236322724516,111.08997395612337,110.87174482654049,109.40433132332123,4.602271547657,5521.832272961955
1650.0,1550.0,1200.0,25,75,3936.1842115915256,111.69649228226281,109.86503028387733,110.07761909503853,4.602271547657,5527.887473986138
1700.0,1550.0,1200.0,25,70,4118.750183020835,111.81254099422202,110.757205274441,109.42718344752245,4.683922323934886,5534.76418520506
1650.0,1550.0,1300.0,35,65,4058.703085354415,110.95991578809179,110.59596154630265,109.64003115530424,4.602271547657,5550.4518596445305
1650.0,1600.0,1250.0,25,65,4123.448175975179,111.83335010994723,111.35754515631986,109.55726484719929,4.602271547657,5567.242500505707
1700.0,1550.0,1250.0,35,60,4314.176289073839,111.53480782573244,111.18726946498614,108.72796673264246,4.683922323934886,5574.597058891348
1700.0,1600.0,1250.0,25,60,4272.5143508475885,111.80530705446566,111.45398928199351,108.96627408273474,4.683922323934886,5579.42404669325
1700.0,1500.0,1200.0,30,75,4080.3167765405797,111.26971329980266,109.97369921574766,109.67434660892582,4.683922323934886,5581.452847803674
1650.0,1550.0,1150.0,30,75,4049.983130712061,112.0677078433576,110.24808288255522,109.96419387290803,4.602271547657,5597.470598043673
1700.0,1550.0,1300.0,30,60,4199.007549873056,110.9357237902605,110.71947206394373,109.26701726685106,4.683922323934886,5601.588009241815
1600.0,1600.0,1250.0,25,70,4022.639146617841,111.89956492646294,110.52231515735255,110.17912137362046,4.520652702501038,5623.180168356863
1600.0,1600.0,1250.0,30,70,4022.639146617841,111.89956492646294,110.52231515735255,110.17912137362046,4.520652702501038,5623.180168356863
1600.0,1600.0,1250.0,35,70,4022.639146617841,111.89956492646294,110.52231515735255,110.17912137362046,4.520652702501038,5623.180168356863
1600.0,1550.0,1300.0,35,75,3888.153871960971,111.21055535060982,109.36368827664649,110.54571541354014,4.520652702501038,5625.653418643693
1700.0,1500.0,1200.0,35,70,4271.527302161119,111.4954887540915,110.75769450273924,109.13546461255477,4.683922323934886,5627.478135064813
1700.0,1500.0,1300.0,30,70,4095.643917509765,110.72818804087696,109.97369921574766,109.76374947306108,4.683922323934886,5634.882851607683
1650.0,1500.0,1300.0,35,75,3993.9707641902282,110.7935801971797,109.48008426765645,110.14830177152842,4.602271547657,5639.207581908397
1700.0,1550.0,1300.0,25,65,4132.4539561035235,111.07610437829389,110.71277483268969,109.74585549585936,4.683922323934886,5644.077635530748
1650.0,1600.0,1300.0,35,60,4207.020736949635,111.28958046501069,111.06878925586811,109.58199585537487,4.602271547657,5671.071449359197
1650.0,1600.0,1150.0,25,70,4232.788481378287,112.78322157751413,111.42017183238143,109.64716832660224,4.602271547657,5681.385616353869
1700.0,1550.0,1250.0,30,65,4281.838136195208,111.65245232225575,111.28330443205638,109.3938980777643,4.683922323934886,5690.707243589596
1700.0,1550.0,1150.0,30,70,4329.919048551063,112.38142371733855,111.33689760917107,109.27991023941813,4.683922323934886,5697.256544691579
1650.0,1600.0,1250.0,30,65,4238.279078183041,112.02644249273688,111.55148400199496,109.7316227128612,4.602271547657,5719.9010406096595
1700.0,1600.0,1200.0,35,60,4525.5980061923965,112.60286841407338,112.11579100409635,108.59736439260395,4.683922323934886,5740.039245633898
1650.0,1550.0,1250.0,35,70,4189.907505607182,111.69785074391177,110.64034551261788,109.99239635704308,4.602271547657,5746.486142140453
1650.0,1550.0,1250.0,25,75,4041.4691326949824,111.69649228226281,109.86503028387733,110.54222717613574,4.602271547657,5750.531682138203
1650.0,1550.0,1300.0,30,70,4114.620686113725,111.31284689108794,110.24808288255522,110.30851000458769,4.602271547657,5765.774722565071
1700.0,1550.0,1200.0,35,65,4455.792783666585,112.24367479640424,111.86872029942124,109.05352437069735,4.683922323934886,5775.390645900103
1700.0,1500.0,1250.0,30,75,4181.869058691074,111.26971329980266,109.97369921574766,110.1372502112321,4.683922323934886,5796.192452456088
1650.0,1550.0,1200.0,30,75,4154.149387827707,112.0677078433576,110.24808288255522,110.42833940021124,4.602271547657,5817.824238717192
1700.0,1500.0,1300.0,35,65,4340.03964272602,110.97902289627112,110.72218121541243,109.65743443858173,4.683922323934886,5833.2476121784275
1700.0,1600.0,1150.0,30,65,4540.873894556688,113.12336279256583,112.63516594714216,108.96739725822296,4.683922323934886,5839.489519065734
1650.0,1600.0,1150.0,30,70,4351.909273372898,112.97417466027747,111.6142188097909,109.82168033675791,4.602271547657,5840.737050808978
1700.0,1550.0,1250.0,25,70,4266.196955529135,111.81254099422202,110.757205274441,110.09856645204016,4.683922323934886,5844.455695453278
1650.0,1600.0,1250.0,35,65,4358.570533681161,112.22382353286979,111.74973318859038,109.90983001267904,4.602271547657,5880.490435776491
1600.0,1600.0,1150.0,25,75,4172.526309150829,112.87033355538729,110.52231515735255,110.71915913384137,4.520652702501038,5894.722821653622
1600.0,1600.0,1150.0,30,75,4172.526309150829,112.87033355538729,110.52231515735255,110.71915913384137,4.520652702501038,5894.722821653622
1600.0,1600.0,1150.0,35,75,4172.526309150829,112.87033355538729,110.52231515735255,110.71915913384137,4.520652702501038,5894.722821653622
1700.0,1600.0,1250.0,30,60,4515.343569930887,112.199345715079,111.84251055675483,109.31332411948298,4.683922323934886,5895.330377655149
1700.0,1600.0,1200.0,25,65,4483.016465406414,112.73376985221171,112.25291717410119,109.49237201002904,4.683922323934886,5900.824838657285
1650.0,1550.0,1150.0,35,75,4282.20605143521,112.44778918217696,110.64034551261788,110.32173205387669,4.602271547657,5906.064913724674
1700.0,1500.0,1250.0,35,70,4414.410534273672,111.4954887540915,110.75769450273924,109.80505235726615,4.683922323934886,5928.253618946874
1600.0,1600.0,1300.0,25,70,4180.856750789067,111.89956492646294,110.52231515735255,110.85502529355033,4.520652702501038,5954.930336260038
1600.0,1600.0,1300.0,30,70,4180.856750789067,111.89956492646294,110.52231515735255,110.85502529355033,4.520652702501038,5954.930336260038
1600.0,1600.0,1300.0,35,70,4180.856750789067,111.89956492646294,110.52231515735255,110.85502529355033,4.520652702501038,5954.930336260038
1650.0,1550.0,1300.0,25,75,4151.154223431131,111.69649228226281,109.86503028387733,111.00878195419708,4.602271547657,5982.4121773944
1700.0,1500.0,1150.0,35,75,4452.851177277561,112.02574666062941,110.75769450273924,109.92471855597307,4.683922323934886,5983.663984027967
1650.0,1600.0,1300.0,25,65,4330.904037105307,111.83335010994723,111.36649182432866,110.43535199546353,4.602271547657,5990.9910578321205
1650.0,1600.0,1200.0,25,70,4384.789090067675,112.78322157751413,111.42017183238143,110.32001123986117,4.602271547657,5998.953888909106
1700.0,1550.0,1200.0,30,70,4476.1428294619,112.38142371733855,111.33689760917107,109.95049265368736,4.683922323934886,6003.551049618796
1700.0,1550.0,1150.0,25,75,4360.674916983301,112.56100835621083,110.757205274441,110.42822687541599,4.683922323934886,6007.878134168342
1650.0,1600.0,1150.0,35,70,4476.5999539353725,113.1693625947624,111.81257852976879,110.00004520167604,4.602271547657,6008.175377527228
1700.0,1500.0,1300.0,30,75,4287.778165218241,111.26971329980266,109.97369921574766,110.60209335528538,4.683922323934886,6020.075697557938
1650.0,1550.0,1250.0,30,75,4262.700636780904,112.0677078433576,110.24808288255522,110.8944298487037,4.602271547657,6047.385475303717
1700.0,1550.0,1300.0,35,60,4558.93354656042,111.53480782573244,111.31086398066346,109.80022638709384,4.683922323934886,6067.510671657584
1650.0,1550.0,1300.0,35,70,4345.171054869482,111.69785074391177,110.64034551261788,110.66715131288922,4.602271547657,6072.459643112276
1700.0,1600.0,1300.0,25,60,4525.1403910325635,111.80530705446566,111.57787932101743,110.04089569583512,4.683922323934886,6086.429209737471
1700.0,1550.0,1300.0,30,65,4485.427070684228,111.65245232225575,111.29223662824218,110.27067044294223,4.683922323934886,6107.378165695848
1600.0,1600.0,1200.0,25,75,4283.73580060239,112.87033355538729,110.52231515735255,111.18649573661942,4.520652702501038,6129.98987476198
1600.0,1600.0,1200.0,30,75,4283.73580060239,112.87033355538729,110.52231515735255,111.18649573661942,4.520652702501038,6129.98987476198
1600.0,1600.0,1200.0,35,75,4283.73580060239,112.87033355538729,110.52231515735255,111.18649573661942,4.520652702501038,6129.98987476198
1650.0,1550.0,1200.0,35,75,4389.697051692491,112.44778918217696,110.64034551261788,110.78738881449407,4.602271547657,6133.458436105063
1650.0,1600.0,1300.0,30,65,4449.874053031389,112.02644249273688,111.56044611739438,110.61111310953787,4.602271547657,6151.2414365744635
1650.0,1600.0,1200.0,30,70,4506.667494550171,112.97417466027747,111.6142188097909,110.49559739117343,4.602271547657,6163.686622912628
1700.0,1550.0,1300.0,25,70,4423.139016791687,111.81254099422202,110.757205274441,110.77397469741214,4.683922323934886,6173.7115632431505
1700.0,1550.0,1250.0,35,65,4654.6469179491705,112.24367479640424,111.87769979340494,109.92775161781242,4.683922323934886,6180.818696729187
1700.0,1600.0,1150.0,35,65,4805.771566327796,113.52230654595148,113.03583607712937,109.32157683218526,4.683922323934886,6191.9612281324025
1700.0,1550.0,1150.0,35,70,4711.586494899184,112.96493185051463,111.93157675730723,109.81323372096105,4.683922323934886,6199.787173624678
1700.0,1500.0,1200.0,35,75,4556.651545935703,112.02574666062941,110.75769450273924,110.38869723039866,4.683922323934886,6203.242880475623
1700.0,1600.0,1250.0,35,60,4772.997873995732,112.60286841407338,112.24036851761173,109.66861159886007,4.683922323934886,6234.40153302573
1700.0,1550.0,1200.0,25,75,4469.159969975132,112.56100835621083,110.757205274441,110.89433376687353,4.683922323934886,6237.376471512728
1700.0,1600.0,1200.0,30,65,4741.034356338773,113.12336279256583,112.64421581616554,109.84112530942464,4.683922323934886,6244.708121521919
1700.0,1500.0,1300.0,35,70,4566.719543844941,111.4954887540915,110.75769450273924,110.47865454591431,4.683922323934886,6248.449263710218
1650.0,1550.0,1300.0,30,75,4375.689915031691,112.0677078433576,110.24808288255522,111.36247321701566,4.602271547657,6286.263924634902
1650.0,1600.0,1300.0,35,65,4574.408836581346,112.22382353286979,111.758711094473,110.79075464741882,4.602271547657,6319.613372647246
1700.0,1600.0,1250.0,25,65,4692.267187332633,112.73376985221171,112.26193587568935,110.37013187984739,4.683922323934886,6325.274741600514
1700.0,1550.0,1250.0,30,70,4631.832809318253,112.38142371733855,111.33689760917107,110.62509617717087,4.683922323934886,6329.346280195233
1650.0,1600.0,1250.0,25,70,4546.343659771447,112.78322157751413,111.42017183238143,110.9968888596207,4.602271547657,6336.20490616961
1650.0,1600.0,1200.0,35,70,4634.185062381776,113.1693625947624,111.81257852976879,110.67506011707579,4.602271547657,6336.641222724361
1650.0,1550.0,1250.0,35,75,4501.611575066748,112.44778918217696,110.64034551261788,111.25499684084328,4.602271547657,6370.141936425128
1600.0,1600.0,1250.0,25,75,4399.411830014487,112.87033355538729,110.52231515735255,111.65579065757743,4.520652702501038,6374.638878385176
1600.0,1600.0,1250.0,30,75,4399.411830014487,112.87033355538729,110.52231515735255,111.65579065757743,4.520652702501038,6374.638878385176
1600.0,1600.0,1250.0,35,75,4399.411830014487,112.87033355538729,110.52231515735255,111.65579065757743,4.520652702501038,6374.638878385176
1700.0,1600.0,1300.0,30,60,4779.488480662618,112.199345715079,111.96683107018035,110.39138552707598,4.683922323934886,6422.961888882698
1700.0,1500.0,1250.0,35,75,4664.832661896843,112.02574666062941,110.75769450273924,110.8546201255248,4.683922323934886,6432.0202980161675
1700.0,1600.0,1150.0,25,70,4821.728049432997,113.67361352981692,112.32506678680659,110.46075413415676,4.683922323934886,6470.688617659793
1700.0,1550.0,1250.0,25,75,4582.080053286481,112.56100835621083,110.757205274441,111.36239381383393,4.683922323934886,6476.189390569148
1650.0,1600.0,1250.0,30,70,4671.021511453326,112.97417466027747,111.6142188097909,111.17355561327855,4.602271547657,6506.405705775681
1700.0,1550.0,1150.0,30,75,4737.181893694803,113.12256258024928,111.33689760917107,110.95636711137111,4.683922323934886,6511.8653038648845
1700.0,1550.0,1200.0,35,70,4866.211056893901,112.96493185051463,111.93157675730723,110.48709878538806,4.683922323934886,6522.475923331613
1700.0,1600.0,1200.0,35,65,5014.341088206357,113.52230654595148,113.04491786165306,110.19815656650113,4.683922323934886,6612.550762588207
1650.0,1550.0,1300.0,35,75,4618.003043520391,112.44778918217696,110.64034551261788,111.72456415771406,4.602271547657,6616.225836391185
1700.0,1550.0,1300.0,35,65,4870.912673514147,112.24367479640424,111.88667928738865,110.8088204887216,4.683922323934886,6620.741105468347
1600.0,1600.0,1300.0,25,75,4519.608248362021,112.87033355538729,110.52231515735255,112.1270519505837,4.520652702501038,6628.78115231707
1600.0,1600.0,1300.0,30,75,4519.608248362021,112.87033355538729,110.52231515735255,112.1270519505837,4.520652702501038,6628.78115231707
1600.0,1600.0,1300.0,35,75,4519.608248362021,112.87033355538729,110.52231515735255,112.1270519505837,4.520652702501038,6628.78115231707
1650.0,1600.0,1150.0,25,75,4718.609740361298,113.74430905219853,111.42017183238143,111.54099818317735,4.602271547657,6648.695892277011
1700.0,1500.0,1300.0,35,75,4777.4475202528465,112.02574666062941,110.75769450273924,111.3224952370935,4.683922323934886,6670.105764794529
1700.0,1550.0,1300.0,30,70,4797.14336949349,112.38142371733855,111.33689760917107,111.30374431032625,4.683922323934886,6674.9657803399
1700.0,1600.0,1250.0,30,65,4958.603559480511,113.12336279256583,112.65326568518894,110.72169260285028,4.683922323934886,6684.388228031044
1650.0,1600.0,1250.0,35,70,4801.408812987713,113.1693625947624,111.81257852976879,111.35412280406528,4.602271547657,6684.965443472741
1650.0,1600.0,1300.0,25,70,4717.607741973226,112.78322157751413,111.42017183238143,111.67782476606646,4.602271547657,6693.464681191527
1700.0,1550.0,1300.0,25,75,4699.488703671687,112.56100835621083,110.757205274441,111.83241504887884,4.683922323934886,6724.4275533432665
1700.0,1550.0,1200.0,30,75,4850.622251057983,113.12256258024928,111.33689760917107,111.42470634699526,4.683922323934886,6751.855950120419
1700.0,1600.0,1300.0,35,60,5049.00811354606,112.60286841407338,112.36512984547524,110.7501945003767,4.683922323934886,6783.277524555413
1700.0,1600.0,1300.0,25,65,4919.125857673413,112.73376985221171,112.27095457727754,111.25476113263281,4.683922323934886,6784.607674905135
1700.0,1600.0,1200.0,25,70,4986.654150059964,113.67361352981692,112.32506678680659,111.13860480189047,4.683922323934886,6813.4783880438
1650.0,1600.0,1150.0,30,75,4848.165360802596,113.93315342487385,111.6142188097909,111.71854459746167,4.602271547657,6827.781835313932
1700.0,1600.0,1150.0,30,70,5096.861794173639,114.05882683835914,112.7166147683528,110.8126258366374,4.683922323934886,6843.379791422596
1700.0,1550.0,1250.0,35,70,5030.429387794887,112.96493185051463,111.93157675730723,111.16500470477312,4.683922323934886,6864.92998012325
1650.0,1600.0,1300.0,30,70,4845.127433110043,112.97417466027747,111.6142188097909,111.85557862114487,4.602271547657,6869.221488988583
1650.0,1600.0,1200.0,25,75,4837.584914831177,113.74430905219853,111.42017183238143,112.0118085546175,4.602271547657,6900.405724868507
1700.0,1550.0,1250.0,30,75,4968.554912905864,113.12256258024928,111.33689760917107,111.89500811015432,4.683922323934886,7001.283642034512
1650.0,1600.0,1150.0,35,75,4983.553962033697,114.12617978545815,111.81257852976879,111.90001089142912,4.602271547657,7015.437069317745
1650.0,1600.0,1300.0,35,70,4978.427885657125,113.1693625947624,111.81257852976879,112.03725691943909,4.602271547657,7053.476434043388
1700.0,1550.0,1150.0,35,75,5147.034292543489,113.69849918250793,111.93157675730723,111.49792723264353,4.683922323934886,7067.090039005787
1700.0,1600.0,1250.0,35,65,5240.477863938923,113.52230654595148,113.05399964617672,111.08159795637307,4.683922323934886,7067.915383329628
1650.0,1600.0,1200.0,30,75,4968.831695459209,113.93315342487385,111.6142188097909,112.19010543063978,4.602271547657,7083.07242190416
1700.0,1600.0,1300.0,30,65,5193.937464697053,113.12336279256583,112.66231555421237,111.60915134014598,4.683922323934886,7159.26168655444
1650.0,1600.0,1250.0,25,75,4961.116194800195,113.74430905219853,111.42017183238143,112.4845918282334,4.602271547657,7161.689032381403
1700.0,1600.0,1250.0,25,70,5161.329975512269,113.67361352981692,112.32506678680659,111.82052029909869,4.683922323934886,7176.356924653634
1700.0,1600.0,1200.0,30,70,5267.432791813951,114.05882683835914,112.7166147683528,111.49264236546725,4.683922323934886,7197.183066574753
1700.0,1550.0,1300.0,35,70,5204.397569621112,112.96493185051463,111.93157675730723,111.84697509535403,4.683922323934886,7227.476476595753
1700.0,1600.0,1150.0,35,70,5387.80195484892,114.45326042999561,113.11757213784247,111.17284962144373,4.683922323934886,7240.839791353293
1700.0,1550.0,1300.0,30,75,5091.033987082615,113.12256258024928,111.33689760917107,112.36728047207272,4.683922323934886,7260.260237147018
1650.0,1600.0,1200.0,35,75,5105.953750124512,114.12617978545815,111.81257852976879,112.37233875667987,4.602271547657,7274.397941295306
1700.0,1550.0,1200.0,35,75,5265.5999315938325,113.69849918250793,111.93157675730723,111.96855554994825,4.683922323934886,7317.932745029382
1650.0,1600.0,1250.0,30,75,5094.073594672891,113.93315342487385,111.6142188097909,112.66364231669779,4.602271547657,7347.9780957823905
1650.0,1600.0,1300.0,25,75,5089.258323784314,113.74430905219853,111.42017183238143,112.95935611802675,4.602271547657,7432.659003174383
1700.0,1600.0,1150.0,25,75,5356.467382596638,114.62481802764972,112.32506678680659,112.36873083248891,4.683922323934886,7530.387947638974
1650.0,1600.0,1250.0,35,75,5232.949031575846,114.12617978545815,111.81257852976879,112.84664589509198,4.602271547657,7543.016518407371
1700.0,1600.0,1300.0,35,65,5484.540487679735,113.52230654595148,113.06308143070041,111.97195337521939,4.683922323934886,7558.792367083797
1700.0,1600.0,1300.0,25,70,5345.913685027749,113.67361352981692,112.32506678680659,112.50652438259775,4.683922323934886,7559.655743554549
1700.0,1600.0,1250.0,30,70,5447.838755177974,114.05882683835914,112.7166147683528,112.17673675220499,4.683922323934886,7571.251903403079
1700.0,1550.0,1250.0,35,75,5388.71696142693,113.69849918250793,111.93157675730723,112.44115600510234,4.683922323934886,7578.3388438925995
1700.0,1600.0,1200.0,35,70,5564.1860490962135,114.45326042999561,113.11757213784247,111.85508344106238,4.683922323934886,7605.983882142452
1650.0,1600.0,1300.0,30,75,5223.945995734016,113.93315342487385,111.6142188097909,113.13916338262878,4.602271547657,7622.612451004253
1700.0,1600.0,1200.0,25,75,5483.367791756558,114.62481802764972,112.32506678680659,112.84303991735503,4.683922323934886,7798.878017458812
1650.0,1600.0,1300.0,35,75,5364.594942080827,114.12617978545815,111.81257852976879,113.32294044693673,4.602271547657,7821.406810105338
1700.0,1550.0,1300.0,35,75,5516.440078602121,113.69849918250793,111.93157675730723,112.91573670895596,4.683922323934886,7848.421425644383
1700.0,1600.0,1150.0,30,75,5652.971135258773,115.00571607096964,112.7166147683528,112.72672117742263,4.683922323934886,7943.340588320466
1700.0,1600.0,1300.0,30,70,5638.238978008318,114.05882683835914,112.7166147683528,112.86493283006227,4.683922323934886,7965.920212141144
1700.0,1600.0,1250.0,35,70,5750.492732348421,114.45326042999561,113.11757213784247,112.54140845651695,4.683922323934886,7991.575272898185
1700.0,1600.0,1250.0,25,75,5614.915357262645,114.62481802764972,112.32506678680659,113.31933659331042,4.683922323934886,8077.136278400463
1700.0,1600.0,1200.0,30,75,5783.331459918869,115.00571607096964,112.7166147683528,113.20254344919421,4.683922323934886,8219.156282390795
1700.0,1600.0,1300.0,25,75,5751.165728912409,114.62481802764972,112.32506678680659,113.79762903492394,4.683922323934886,8365.277816335876
1700.0,1600.0,1150.0,35,75,5965.9219280490815,115.39570648065524,113.11757213784247,113.09320896580475,4.683922323934886,8382.207251903472
1700.0,1600.0,1300.0,35,70,5946.882463950471,114.45326042999561,113.11757213784247,113.23184857922992,4.683922323934886,8397.950333698858
1700.0,1600.0,1250.0,30,75,5918.378581424697,115.00571607096964,112.7166147683528,113.68035966504146,4.683922323934886,8504.824946682262
1700.0,1600.0,1200.0,35,75,6099.844492751199,115.39570648065524,113.11757213784247,113.57058034871856,4.683922323934886,8665.565148560756
1700.0,1600.0,1300.0,30,75,6058.168543817928,115.00571607096964,112.7166147683528,114.16017802572901,4.683922323934886,8800.462492565848
1700.0,1600.0,1250.0,35,75,6238.494599265215,115.39570648065524,113.11757213784247,114.04995217955616,4.683922323934886,8958.86316049352
1700.0,1600.0,1300.0,35,75,6381.928696662196,115.39570648065524,113.11757213784247,114.53133268590004,4.683922323934886,9262.218047189775
