day,price,equilibrium_price,target_price,risk_premium,commercial_stock,bypass,extra_output,strategic_release,commercial_draw,demand_scale,nonstock_supply,effective_supply,residual_gap
90.0,96.538206,103.301289,103.301289,0.0,353.0,2.4,1.0,5.0,2.0,100.0,92.4,94.4,5.6
91.0,97.624623,103.328312,103.328312,0.0,351.016667,2.406667,1.038889,4.966667,1.983333,100.0,92.412222,94.395556,5.604444
92.0,98.541539,103.355345,103.355345,0.0,349.05,2.413333,1.077778,4.933333,1.966667,100.0,92.424444,94.391111,5.608889
93.0,99.316074,103.382385,103.382385,0.0,347.1,2.42,1.116667,4.9,1.95,100.0,92.436667,94.386667,5.613333
94.0,99.971012,103.409434,103.409434,0.0,345.166667,2.426667,1.155556,4.866667,1.933333,100.0,92.448889,94.382222,5.617778
95.0,100.525488,103.436491,103.436491,0.0,343.25,2.433333,1.194444,4.833333,1.916667,100.0,92.461111,94.377778,5.622222
96.0,100.995579,103.463556,103.463556,0.0,341.35,2.44,1.233333,4.8,1.9,100.0,92.473333,94.373333,5.626667
97.0,101.394787,103.49063,103.49063,0.0,339.466667,2.446667,1.272222,4.766667,1.883333,100.0,92.485556,94.368889,5.631111
98.0,101.734455,103.517713,103.517713,0.0,337.6,2.453333,1.311111,4.733333,1.866667,100.0,92.497778,94.364444,5.635556
99.0,102.024111,103.544803,103.544803,0.0,335.75,2.46,1.35,4.7,1.85,100.0,92.51,94.36,5.64
100.0,102.271758,103.571902,103.571902,0.0,333.916667,2.466667,1.388889,4.666667,1.833333,100.0,92.522222,94.355556,5.644444
101.0,102.484118,103.599009,103.599009,0.0,332.1,2.473333,1.427778,4.633333,1.816667,100.0,92.534444,94.351111,5.648889
102.0,102.666839,103.626125,103.626125,0.0,330.3,2.48,1.466667,4.6,1.8,100.0,92.546667,94.346667,5.653333
103.0,102.824665,103.653249,103.653249,0.0,328.516667,2.486667,1.505556,4.566667,1.783333,100.0,92.558889,94.342222,5.657778
104.0,102.961579,103.680382,103.680382,0.0,326.75,2.493333,1.544444,4.533333,1.766667,100.0,92.571111,94.337778,5.662222
105.0,103.08093,103.707522,103.707522,0.0,325.0,2.5,1.583333,4.5,1.75,100.0,92.583333,94.333333,5.666667
106.0,103.185529,103.734672,103.734672,0.0,323.266667,2.506667,1.622222,4.466667,1.733333,100.0,92.595556,94.328889,5.671111
107.0,103.277737,103.761829,103.761829,0.0,321.55,2.513333,1.661111,4.433333,1.716667,100.0,92.607778,94.324444,5.675556
108.0,103.359538,103.788995,103.788995,0.0,319.85,2.52,1.7,4.4,1.7,100.0,92.62,94.32,5.68
109.0,103.432599,103.81617,103.81617,0.0,318.166667,2.526667,1.738889,4.366667,1.683333,100.0,92.632222,94.315556,5.684444
110.0,103.49832,103.843352,103.843352,0.0,316.5,2.533333,1.777778,4.333333,1.666667,100.0,92.644444,94.311111,5.688889
111.0,103.557876,103.870543,103.870543,0.0,314.85,2.54,1.816667,4.3,1.65,100.0,92.656667,94.306667,5.693333
112.0,103.612254,103.897743,103.897743,0.0,313.216667,2.546667,1.855556,4.266667,1.633333,100.0,92.668889,94.302222,5.697778
113.0,103.662286,103.924951,103.924951,0.0,311.6,2.553333,1.894444,4.233333,1.616667,100.0,92.681111,94.297778,5.702222
114.0,103.708667,103.952167,103.952167,0.0,310.0,2.56,1.933333,4.2,1.6,100.0,92.693333,94.293333,5.706667
115.0,103.751983,103.979392,103.979392,0.0,308.416667,2.566667,1.972222,4.166667,1.583333,100.0,92.705556,94.288889,5.711111
116.0,103.792726,104.006625,104.006625,0.0,306.85,2.573333,2.011111,4.133333,1.566667,100.0,92.717778,94.284444,5.715556
117.0,103.831308,104.033867,104.033867,0.0,305.3,2.58,2.05,4.1,1.55,100.0,92.73,94.28,5.72
118.0,103.868078,104.061117,104.061117,0.0,303.766667,2.586667,2.088889,4.066667,1.533333,100.0,92.742222,94.275556,5.724444
119.0,103.903325,104.088376,104.088376,0.0,302.25,2.593333,2.127778,4.033333,1.516667,100.0,92.754444,94.271111,5.728889
120.0,103.937296,104.115642,104.115642,0.0,300.75,2.6,2.166667,4.0,1.5,100.0,92.766667,94.266667,5.733333
121.0,103.970196,104.142918,104.142918,0.0,299.266667,2.606667,2.205556,3.966667,1.483333,100.0,92.778889,94.262222,5.737778
122.0,104.002197,104.170202,104.170202,0.0,297.8,2.613333,2.244444,3.933333,1.466667,100.0,92.791111,94.257778,5.742222
123.0,104.033444,104.197494,104.197494,0.0,296.35,2.62,2.283333,3.9,1.45,100.0,92.803333,94.253333,5.746667
124.0,104.06406,104.224794,104.224794,0.0,294.916667,2.626667,2.322222,3.866667,1.433333,100.0,92.815556,94.248889,5.751111
125.0,104.094147,104.252103,104.252103,0.0,293.5,2.633333,2.361111,3.833333,1.416667,100.0,92.827778,94.244444,5.755556
126.0,104.123791,104.279421,104.279421,0.0,292.1,2.64,2.4,3.8,1.4,100.0,92.84,94.24,5.76
127.0,104.153064,104.306747,104.306747,0.0,290.716667,2.646667,2.438889,3.766667,1.383333,100.0,92.852222,94.235556,5.764444
128.0,104.182027,104.334081,104.334081,0.0,289.35,2.653333,2.477778,3.733333,1.366667,100.0,92.864444,94.231111,5.768889
129.0,104.21073,104.361424,104.361424,0.0,288.0,2.66,2.516667,3.7,1.35,100.0,92.876667,94.226667,5.773333
130.0,104.239217,104.388776,104.388776,0.0,286.666667,2.666667,2.555556,3.666667,1.333333,100.0,92.888889,94.222222,5.777778
131.0,104.267524,104.416135,104.416135,0.0,285.35,2.673333,2.594444,3.633333,1.316667,100.0,92.901111,94.217778,5.782222
132.0,104.295681,104.443504,104.443504,0.0,284.05,2.68,2.633333,3.6,1.3,100.0,92.913333,94.213333,5.786667
133.0,104.323713,104.47088,104.47088,0.0,282.766667,2.686667,2.672222,3.566667,1.283333,100.0,92.925556,94.208889,5.791111
134.0,104.351641,104.498265,104.498265,0.0,281.5,2.693333,2.711111,3.533333,1.266667,100.0,92.937778,94.204444,5.795556
135.0,104.379484,104.525659,104.525659,0.0,280.25,2.7,2.75,3.5,1.25,100.0,92.95,94.2,5.8
136.0,104.407256,104.553061,104.553061,0.0,279.016667,2.706667,2.788889,3.466667,1.233333,100.0,92.962222,94.195556,5.804444
137.0,104.434971,104.580472,104.580472,0.0,277.8,2.713333,2.827778,3.433333,1.216667,100.0,92.974444,94.191111,5.808889
138.0,104.462638,104.607891,104.607891,0.0,276.6,2.72,2.866667,3.4,1.2,100.0,92.986667,94.186667,5.813333
139.0,104.490267,104.635318,104.635318,0.0,275.416667,2.726667,2.905556,3.366667,1.183333,100.0,92.998889,94.182222,5.817778
140.0,104.517865,104.662754,104.662754,0.0,274.25,2.733333,2.944444,3.333333,1.166667,100.0,93.011111,94.177778,5.822222
141.0,104.545438,104.690199,104.690199,0.0,273.1,2.74,2.983333,3.3,1.15,100.0,93.023333,94.173333,5.826667
142.0,104.572993,104.717652,104.717652,0.0,271.966667,2.746667,3.022222,3.266667,1.133333,100.0,93.035556,94.168889,5.831111
143.0,104.600532,104.745114,104.745114,0.0,270.85,2.753333,3.061111,3.233333,1.116667,100.0,93.047778,94.164444,5.835556
144.0,104.62806,104.772584,104.772584,0.0,269.75,2.76,3.1,3.2,1.1,100.0,93.06,94.16,5.84
145.0,104.65558,104.800062,104.800062,0.0,268.666667,2.766667,3.138889,3.166667,1.083333,100.0,93.072222,94.155556,5.844444
146.0,104.683095,104.827549,104.827549,0.0,267.6,2.773333,3.177778,3.133333,1.066667,100.0,93.084444,94.151111,5.848889
147.0,104.710607,104.855045,104.855045,0.0,266.55,2.78,3.216667,3.1,1.05,100.0,93.096667,94.146667,5.853333
148.0,104.738118,104.882549,104.882549,0.0,265.516667,2.786667,3.255556,3.066667,1.033333,100.0,93.108889,94.142222,5.857778
149.0,104.765629,104.910061,104.910061,0.0,264.5,2.793333,3.294444,3.033333,1.016667,100.0,93.121111,94.137778,5.862222
150.0,104.793141,104.937582,104.937582,0.0,263.5,2.8,3.333333,3.0,1.0,100.0,93.133333,94.133333,5.866667
151.0,104.820657,104.965112,104.965112,0.0,262.516667,2.806667,3.372222,2.966667,0.983333,100.0,93.145556,94.128889,5.871111
152.0,104.848176,104.99265,104.99265,0.0,261.55,2.813333,3.411111,2.933333,0.966667,100.0,93.157778,94.124444,5.875556
153.0,104.875699,105.020197,105.020197,0.0,260.6,2.82,3.45,2.9,0.95,100.0,93.17,94.12,5.88
154.0,104.903227,105.047752,105.047752,0.0,259.666667,2.826667,3.488889,2.866667,0.933333,100.0,93.182222,94.115556,5.884444
155.0,104.930762,105.075316,105.075316,0.0,258.75,2.833333,3.527778,2.833333,0.916667,100.0,93.194444,94.111111,5.888889
156.0,104.958302,105.102888,105.102888,0.0,257.85,2.84,3.566667,2.8,0.9,100.0,93.206667,94.106667,5.893333
157.0,104.985848,105.130469,105.130469,0.0,256.966667,2.846667,3.605556,2.766667,0.883333,100.0,93.218889,94.102222,5.897778
158.0,105.013402,105.158058,105.158058,0.0,256.1,2.853333,3.644444,2.733333,0.866667,100.0,93.231111,94.097778,5.902222
159.0,105.040963,105.185656,105.185656,0.0,255.25,2.86,3.683333,2.7,0.85,100.0,93.243333,94.093333,5.906667
160.0,105.06853,105.213262,105.213262,0.0,254.416667,2.866667,3.722222,2.666667,0.833333,100.0,93.255556,94.088889,5.911111
161.0,105.096106,105.240877,105.240877,0.0,253.6,2.873333,3.761111,2.633333,0.816667,100.0,93.267778,94.084444,5.915556
162.0,105.123689,105.268501,105.268501,0.0,252.8,2.88,3.8,2.6,0.8,100.0,93.28,94.08,5.92
163.0,105.15128,105.296133,105.296133,0.0,252.016667,2.886667,3.838889,2.566667,0.783333,100.0,93.292222,94.075556,5.924444
164.0,105.178879,105.323773,105.323773,0.0,251.25,2.893333,3.877778,2.533333,0.766667,100.0,93.304444,94.071111,5.928889
165.0,105.206486,105.351422,105.351422,0.0,250.5,2.9,3.916667,2.5,0.75,100.0,93.316667,94.066667,5.933333
166.0,105.234101,105.37908,105.37908,0.0,249.766667,2.906667,3.955556,2.466667,0.733333,100.0,93.328889,94.062222,5.937778
167.0,105.261724,105.406747,105.406747,0.0,249.05,2.913333,3.994444,2.433333,0.716667,100.0,93.341111,94.057778,5.942222
168.0,105.289356,105.434421,105.434421,0.0,248.35,2.92,4.033333,2.4,0.7,100.0,93.353333,94.053333,5.946667
169.0,105.316996,105.462105,105.462105,0.0,247.666667,2.926667,4.072222,2.366667,0.683333,100.0,93.365556,94.048889,5.951111
170.0,105.344644,105.489797,105.489797,0.0,247.0,2.933333,4.111111,2.333333,0.666667,100.0,93.377778,94.044444,5.955556
171.0,105.3723,105.517498,105.517498,0.0,246.35,2.94,4.15,2.3,0.65,100.0,93.39,94.04,5.96
172.0,105.399966,105.545207,105.545207,0.0,245.716667,2.946667,4.188889,2.266667,0.633333,100.0,93.402222,94.035556,5.964444
173.0,105.427639,105.572925,105.572925,0.0,245.1,2.953333,4.227778,2.233333,0.616667,100.0,93.414444,94.031111,5.968889
174.0,105.455321,105.600651,105.600651,0.0,244.5,2.96,4.266667,2.2,0.6,100.0,93.426667,94.026667,5.973333
175.0,105.483011,105.628386,105.628386,0.0,243.916667,2.966667,4.305556,2.166667,0.583333,100.0,93.438889,94.022222,5.977778
176.0,105.51071,105.65613,105.65613,0.0,243.35,2.973333,4.344444,2.133333,0.566667,100.0,93.451111,94.017778,5.982222
177.0,105.538418,105.683882,105.683882,0.0,242.8,2.98,4.383333,2.1,0.55,100.0,93.463333,94.013333,5.986667
178.0,105.566134,105.711642,105.711642,0.0,242.266667,2.986667,4.422222,2.066667,0.533333,100.0,93.475556,94.008889,5.991111
179.0,105.593858,105.739412,105.739412,0.0,241.75,2.993333,4.461111,2.033333,0.516667,100.0,93.487778,94.004444,5.995556
180.0,105.621591,105.76719,105.76719,0.0,241.25,3.0,4.5,2.0,0.5,100.0,93.5,94.0,6.0
